,UNITED.STATES,S.P500,ALABAMA,ALASKA,ARIZONA,ARKANSAS,CALIFORNIA,COLORADO,CONNECTICUT,DELAWARE,DISTRICT.OF.COLUMBIA,FLORIDA,GEORGIA,HAWAII,IDAHO,ILLINOIS,INDIANA,IOWA,KANSAS,KENTUCKY,LOUISIANA,MAINE,MARYLAND,MASSACHUSETTS,MICHIGAN,MINNESOTA,MISSISSIPPI,MISSOURI,MONTANA,NEBRASKA,NEVADA,NEW.HAMPSHIRE,NEW.JERSEY,NEW.MEXICO,NEW.YORK,NORTH.CAROLINA,NORTH.DAKOTA,OHIO,OKLAHOMA,OREGON,PENNSYLVANIA,PUERTO.RICO,RHODE.ISLAND,SOUTH.CAROLINA,SOUTH.DAKOTA,TENNESSEE,TEXAS,UTAH,VERMONT,VIRGINIA,WASHINGTON,WEST.VIRGINIA,WISCONSIN,WYOMING,Nonagriculture.Industries,Mining..quarrying..and.oil.and.gas.extraction,Construction,Manufacturing,Durable.Goods.Manufacturing,Nondurable.Goods.Manufacturing,Wholesale.and.retail.trade,Transportation.and.Utilities,Information,Financial.Activities,Professional.and.Business.Services,Education.and.Health.Services,Leisure.and.Hospitality,Other.Services,Agriculture..forestry..fishing..and.hunting,Government.Wage.and.Salary.Workers,Self.employed.unincorporated..and.unpaid.family.workers
ALABAMA,0.829295676,-0.200276822,1,0.521753928,0.729278475,0.609359255,0.789900124,0.616526748,0.443610543,0.574481481,0.604989609,0.741532324,0.727957684,0.67029919,0.4444178,0.731389313,0.696865234,0.688825943,0.725912098,0.685904113,0.136195465,0.636409538,0.71827593,0.620616561,0.669452912,0.684968555,0.317627462,0.639782539,0.556610192,0.689047332,0.72693896,0.623241485,0.636616375,0.683340048,0.638616549,0.666048927,0.514606437,0.701195381,0.592368093,0.731119754,0.691330235,0.327596898,0.588568931,0.630078532,0.548812669,0.732082668,0.67760839,0.679840526,0.637552802,0.718252716,0.752758401,0.570532381,0.655267199,0.594361965,0.250460995,0.027085765,0.146030879,0.232771157,0.198961738,0.141730172,0.156645055,0.123079863,0.072546542,0.138424944,0.189244705,0.06280634,0.104478281,0.087841563,0.093752724,0.024976249,0.121235819
UNITED.STATES,1,-0.230021998,0.829295676,0.585850147,0.840794864,0.780109092,0.934194811,0.795396973,0.598876051,0.7022333,0.600448082,0.828294541,0.866138125,0.716422179,0.51339281,0.853131169,0.851009262,0.83898302,0.852932479,0.813349792,0.293201765,0.777386941,0.844965699,0.779126131,0.820117463,0.768606773,0.535338975,0.724834839,0.60646379,0.821851939,0.852272405,0.818362521,0.80604508,0.769733837,0.856443565,0.796509999,0.57540038,0.853775314,0.761444185,0.862422318,0.862836586,0.429558951,0.752640238,0.762165542,0.703483917,0.775135684,0.799835898,0.755275036,0.762767353,0.883277666,0.879166579,0.584315995,0.823138057,0.600878541,0.281939741,0.03213569,0.123398307,0.257364193,0.230043478,0.144856455,0.169279499,0.162028428,0.109910381,0.112827473,0.208700068,0.124618645,0.130196622,0.117401037,0.066297161,0.067142995,0.11855518
CALIFORNIA,0.934194811,-0.221671053,0.789900124,0.540791591,0.852220917,0.708883198,1,0.777514583,0.583424186,0.646661067,0.575738213,0.845026043,0.832484738,0.749685892,0.494802788,0.802237696,0.776131059,0.726940016,0.77427015,0.703549008,0.187027848,0.742800565,0.783367686,0.714527211,0.693771016,0.735948945,0.422581261,0.655236204,0.622861731,0.708169469,0.855875674,0.747791687,0.735607452,0.693222535,0.847473833,0.708715569,0.441055739,0.779076213,0.652146352,0.802923555,0.756121041,0.364926002,0.787928226,0.689991224,0.568908705,0.68703201,0.723398985,0.697169742,0.698106112,0.826580039,0.810840727,0.452127839,0.722935252,0.463544332,0.262325141,0.015643235,0.13159553,0.222777636,0.204995887,0.117769442,0.165625576,0.148733873,0.092817229,0.122556096,0.188570555,0.11802942,0.112759143,0.102549251,0.053718551,0.058116016,0.109685937
WASHINGTON,0.879166579,-0.150722685,0.752758401,0.577883405,0.775186724,0.706895077,0.810840727,0.732643803,0.525060115,0.581228754,0.561519284,0.711257733,0.718589701,0.618287603,0.514599375,0.779897295,0.737724927,0.751445402,0.799563434,0.713796526,0.198062931,0.661599353,0.795991915,0.698366578,0.737890215,0.659094412,0.398798962,0.612395243,0.504331432,0.776324424,0.816428883,0.733671413,0.690959949,0.730808779,0.734594145,0.750008617,0.510922753,0.699104255,0.695129534,0.787287279,0.729824535,0.353993672,0.623870552,0.722437846,0.660447475,0.654971341,0.727555784,0.730839131,0.675609143,0.761914319,1,0.604097178,0.788056175,0.634857006,0.22732009,0.004433427,0.068193819,0.211455798,0.200035289,0.105523725,0.162235957,0.129617359,0.120652087,0.091101565,0.161945395,0.126465497,0.074906972,0.105509843,0.035667835,0.090139305,0.076494358
FLORIDA,0.828294541,-0.172129708,0.741532324,0.397494774,0.737216848,0.592685789,0.845026043,0.643436924,0.433956069,0.547177867,0.548636361,1,0.766706403,0.681321553,0.421284432,0.714298971,0.674818413,0.65852638,0.659989763,0.587273574,0.148496383,0.55868677,0.696532353,0.617258103,0.670196373,0.66431355,0.339583186,0.627251758,0.515432153,0.622774824,0.812214502,0.624030062,0.592661461,0.571162219,0.686203447,0.663726086,0.396351949,0.662457914,0.552920994,0.731840555,0.641939642,0.280110563,0.63495355,0.611517737,0.511385884,0.655416952,0.591711583,0.610184781,0.602695327,0.740598216,0.711257733,0.371918898,0.598831359,0.352965899,0.243233839,0.020934566,0.131301962,0.202744318,0.193893188,0.094331391,0.141679131,0.216345952,0.087518647,0.098554253,0.189859548,0.10695553,0.109675086,0.078447233,0.067913137,0.047654222,0.077631938
TENNESSEE,0.775135684,-0.120139246,0.732082668,0.342300167,0.686403217,0.612555776,0.68703201,0.642585057,0.31539351,0.554495444,0.507084595,0.655416952,0.755024208,0.681839316,0.436817663,0.585067525,0.711149868,0.655692049,0.65193805,0.658738812,0.102670146,0.616570715,0.75445381,0.532645878,0.735477649,0.56714399,0.335563621,0.612091111,0.525524393,0.660796633,0.664901331,0.596428944,0.598564185,0.562932663,0.606247422,0.652028846,0.46935048,0.672471902,0.511403511,0.688507314,0.675588114,0.268144794,0.556581959,0.615571768,0.612424845,1,0.630105282,0.538504125,0.593000202,0.683147662,0.654971341,0.442823216,0.646247609,0.43171366,0.209769348,0.048035602,0.091752537,0.198202495,0.184500965,0.095782296,0.127860225,0.134035996,0.054578058,0.074306293,0.141955075,0.088416385,0.108066797,0.084681453,0.046729299,0.047657121,0.106904411
ILLINOIS,0.853131169,-0.204775556,0.731389313,0.54808476,0.703379052,0.63158309,0.802237696,0.673948869,0.558240541,0.609364955,0.512824455,0.714298971,0.716909509,0.575963585,0.432312332,1,0.774013162,0.769016273,0.779681759,0.727171649,0.185789858,0.62420774,0.613925968,0.667581762,0.75276783,0.718545685,0.42533815,0.651003012,0.552439664,0.775408838,0.725195865,0.666838075,0.588644554,0.696849602,0.697540409,0.686189709,0.529249098,0.759763232,0.676532425,0.726117256,0.72615191,0.369864986,0.650099352,0.652484848,0.514751368,0.585067525,0.631931505,0.697880369,0.59640077,0.736526632,0.779897295,0.462487615,0.744265126,0.556989011,0.257617571,0.002737822,0.132630939,0.239246285,0.210027394,0.141458732,0.170355407,0.144132377,0.088103069,0.096799984,0.182997043,0.098340851,0.102468989,0.08958733,0.070757627,0.058019484,0.102406734
OREGON,0.862422318,-0.261292917,0.731119754,0.39852514,0.693711955,0.772599608,0.802923555,0.752037531,0.442718521,0.589187785,0.55572958,0.731840555,0.749127075,0.703353048,0.452446176,0.726117256,0.789795432,0.784763104,0.739213709,0.714052032,0.164644639,0.754998866,0.812470696,0.636119912,0.76081066,0.701096764,0.368748101,0.632662058,0.556149499,0.771261687,0.765848805,0.75194424,0.654622279,0.710161376,0.750436413,0.743736027,0.539987723,0.696965373,0.696576889,1,0.725684324,0.31802191,0.709121564,0.77732283,0.721413688,0.688507314,0.599347791,0.691027076,0.708473701,0.779827625,0.787287279,0.514886191,0.767622949,0.544521123,0.234361432,0.019768985,0.071919958,0.215247419,0.19654481,0.117515729,0.170766241,0.145980504,0.109993256,0.086842588,0.177339245,0.109432789,0.087307454,0.094370414,0.048419496,0.083464519,0.084803279
ARIZONA,0.840794864,-0.221977645,0.729278475,0.479090607,1,0.561601256,0.852220917,0.751702865,0.613608887,0.61845219,0.530248931,0.737216848,0.779003931,0.698900938,0.500858245,0.703379052,0.721874797,0.611883202,0.642402066,0.680955553,0.147448732,0.612806813,0.741237309,0.778876539,0.603881284,0.569895867,0.374947093,0.524743982,0.50620672,0.629188832,0.798492736,0.685713639,0.69113975,0.639738264,0.697626677,0.663993455,0.407914155,0.651970305,0.501034157,0.693711955,0.686613836,0.304531043,0.728105129,0.65240118,0.522614121,0.686403217,0.711286194,0.666595103,0.582446324,0.789966147,0.775186724,0.355972727,0.564960447,0.399771461,0.262640914,0.031228598,0.149777467,0.227250237,0.208645722,0.117070843,0.164741262,0.143427894,0.081745233,0.09195022,0.190712246,0.105193622,0.124331635,0.130297754,0.052732515,0.040181929,0.088516694
GEORGIA,0.866138125,-0.240207248,0.727957684,0.419125635,0.779003931,0.601008883,0.832484738,0.695016099,0.498986615,0.668750499,0.528195086,0.766706403,1,0.620034501,0.399715179,0.716909509,0.780448705,0.695340684,0.673861944,0.68702434,0.219057452,0.680857832,0.785210515,0.655080649,0.697958874,0.553713394,0.478139744,0.606761217,0.54932909,0.719908011,0.780610101,0.655271992,0.638257704,0.672400143,0.703672148,0.703695044,0.465628914,0.741405938,0.569094032,0.749127075,0.703598059,0.343932874,0.681342111,0.720709106,0.585765733,0.755024208,0.676142044,0.642133871,0.592956505,0.816123166,0.718589701,0.464961883,0.623813119,0.443847927,0.250921772,0.002698861,0.134098825,0.199524344,0.180704252,0.107137954,0.160501209,0.13742846,0.082841373,0.08991606,0.184557995,0.119599223,0.101846924,0.087120829,0.040106926,0.044440341,0.099474196
NEVADA,0.852272405,-0.213124072,0.72693896,0.403684926,0.798492736,0.707845503,0.855875674,0.711873081,0.480975135,0.66422622,0.547676833,0.812214502,0.780610101,0.738512822,0.478127141,0.725195865,0.700993652,0.665181656,0.689893481,0.721978831,0.154376882,0.653105674,0.800023592,0.68590404,0.663082751,0.625289107,0.339833236,0.632026085,0.589013726,0.631124273,1,0.659300535,0.690775146,0.635630184,0.706419899,0.749862319,0.412642177,0.631940288,0.547755041,0.765848805,0.714566003,0.314190975,0.754785541,0.659534466,0.556817889,0.664901331,0.611789297,0.678943108,0.683545941,0.717775985,0.816428883,0.448701703,0.673059392,0.443561048,0.236480864,0.010675145,0.12716568,0.20567673,0.180256906,0.116377438,0.143244146,0.134650828,0.092321731,0.112030602,0.163582638,0.098557077,0.10379733,0.084912903,0.044116276,0.05253385,0.085182781
KANSAS,0.852932479,-0.163610096,0.725912098,0.606990971,0.642402066,0.724728094,0.77427015,0.675333055,0.480435746,0.637991662,0.558161608,0.659989763,0.673861944,0.540284273,0.422997902,0.779681759,0.713254012,0.846958969,1,0.694128386,0.20774065,0.624740344,0.682997804,0.61713317,0.76913421,0.792627359,0.37185585,0.829274745,0.466334612,0.78702091,0.689893481,0.703718629,0.704448197,0.775729271,0.729406589,0.673495003,0.490299858,0.729780196,0.738144104,0.739213709,0.750522048,0.340344588,0.591457947,0.626536939,0.656567191,0.65193805,0.692929983,0.683522202,0.653849764,0.689537326,0.799563434,0.617160447,0.772865259,0.578918637,0.242835554,0.02572683,0.142581765,0.243542731,0.201791977,0.157553131,0.144912458,0.102999368,0.082355356,0.069404947,0.177259267,0.09072647,0.118882687,0.085364953,0.087903376,0.038207652,0.1022575
MARYLAND,0.844965699,-0.208264344,0.71827593,0.395336124,0.741237309,0.716291934,0.783367686,0.695296149,0.385925882,0.653580638,0.576367873,0.696532353,0.785210515,0.609969767,0.483055983,0.613925968,0.751142304,0.687698399,0.682997804,0.718903866,0.167110094,0.684404181,1,0.62954109,0.700971496,0.54766546,0.390394709,0.596899848,0.539351147,0.71033384,0.800023592,0.721743933,0.668492227,0.691446177,0.727918205,0.741908426,0.497250019,0.741771654,0.65658706,0.812470696,0.750455354,0.310719524,0.637260846,0.696603402,0.744102247,0.75445381,0.634004351,0.625824496,0.628803658,0.74139765,0.795991915,0.505864301,0.713586167,0.499760348,0.208672267,-0.014326622,0.05248513,0.184539666,0.176523756,0.086435639,0.141673871,0.121590049,0.089448035,0.09548249,0.143358495,0.12158536,0.081473871,0.090517229,0.019568815,0.078947845,0.089014006
VIRGINIA,0.883277666,-0.219258522,0.718252716,0.446875655,0.789966147,0.676586468,0.826580039,0.746463983,0.661025963,0.470203536,0.512899378,0.740598216,0.816123166,0.618866262,0.383822876,0.736526632,0.811384059,0.701521736,0.689537326,0.730850977,0.180264671,0.761331048,0.74139765,0.76699598,0.698614007,0.593382186,0.400347164,0.568757641,0.489132984,0.6886734,0.717775985,0.815719318,0.685626198,0.708348277,0.774144546,0.724739396,0.467197403,0.741707389,0.711962109,0.779827625,0.770692987,0.432223156,0.665666565,0.76917104,0.689277007,0.683147662,0.725604772,0.667155874,0.671248551,1,0.761914319,0.488176308,0.674558046,0.502167648,0.274765139,9.23E-05,0.116725876,0.238750447,0.216898213,0.127772617,0.185927296,0.158008028,0.105516597,0.110808456,0.2018149,0.115400386,0.114018377,0.11937662,0.055168647,0.054481102,0.103555482
OHIO,0.853775314,-0.173780935,0.701195381,0.592804804,0.651970305,0.651176597,0.779076213,0.658030193,0.425745954,0.642500334,0.538178213,0.662457914,0.741405938,0.52283784,0.408969965,0.759763232,0.749949977,0.718861967,0.729780196,0.752705036,0.197944707,0.653624908,0.741771654,0.650678217,0.733714815,0.689907736,0.466649379,0.592754193,0.522405628,0.744772659,0.631940288,0.691139884,0.660022512,0.645340899,0.742346198,0.61305888,0.669103541,1,0.757029721,0.696965373,0.775543395,0.301445133,0.537531469,0.563956785,0.613184501,0.672471902,0.715157599,0.624832192,0.647558865,0.741707389,0.699104255,0.510058247,0.740409133,0.587008033,0.235354105,0.000302535,0.099514805,0.245248707,0.221846518,0.135210177,0.146385899,0.148139356,0.092529508,0.097020926,0.167393882,0.099642168,0.076898649,0.112997868,0.046232887,0.087425408,0.097762346
INDIANA,0.851009262,-0.26537982,0.696865234,0.338710989,0.721874797,0.687878223,0.776131059,0.732404703,0.517169114,0.523134809,0.502248269,0.674818413,0.780448705,0.653163858,0.4114379,0.774013162,1,0.723302141,0.713254012,0.71780866,0.189134419,0.728081723,0.751142304,0.697814833,0.736221321,0.600787923,0.434170104,0.586597484,0.46340249,0.680595848,0.700993652,0.734619392,0.631052655,0.640507251,0.650456099,0.713769218,0.521819513,0.749949977,0.6310787,0.789795432,0.718470698,0.329816279,0.597158636,0.758709737,0.610641296,0.711149868,0.649393617,0.620229301,0.587156227,0.811384059,0.737724927,0.444483534,0.744251375,0.486858439,0.265541555,0.029156935,0.117003848,0.253104413,0.22214841,0.149986166,0.176699115,0.133223512,0.104164797,0.110670114,0.18904835,0.127413956,0.088768898,0.116474965,0.047179607,0.058301248,0.086433922
PENNSYLVANIA,0.862836586,-0.236186389,0.691330235,0.537744459,0.686613836,0.689443962,0.756121041,0.670810453,0.540496489,0.681933089,0.536318233,0.641939642,0.703598059,0.549184753,0.423474407,0.72615191,0.718470698,0.780082163,0.750522048,0.737235092,0.181399103,0.669489217,0.750455354,0.604991083,0.722581506,0.682657654,0.392686101,0.68582684,0.625032039,0.743990772,0.714566003,0.7414527,0.775951422,0.748596918,0.771774693,0.716584571,0.633103481,0.775543395,0.726121059,0.725684324,1,0.336614959,0.689002621,0.589960967,0.681858701,0.675588114,0.694691077,0.699264447,0.74179485,0.770692987,0.729824535,0.633310333,0.774855433,0.696184398,0.235182874,0.015800412,0.108690771,0.248036414,0.206984116,0.163236375,0.135248612,0.121341155,0.115076358,0.099900639,0.164119752,0.077898029,0.097593315,0.097398819,0.034435771,0.062208245,0.113089519
NEBRASKA,0.821851939,-0.175269504,0.689047332,0.587298079,0.629188832,0.640456955,0.708169469,0.654357977,0.464763753,0.647766375,0.514141814,0.622774824,0.719908011,0.502435905,0.438802579,0.775408838,0.680595848,0.814576445,0.78702091,0.722108884,0.242748938,0.671045483,0.71033384,0.568976395,0.730920032,0.707022499,0.467680849,0.661218447,0.614812518,1,0.631124273,0.674068777,0.540579434,0.745149471,0.656903614,0.70386967,0.591996919,0.744772659,0.697203551,0.771261687,0.743990772,0.376276934,0.561343879,0.588453815,0.749516631,0.660796633,0.669408919,0.691120772,0.611530563,0.6886734,0.776324424,0.574679299,0.732438995,0.655389171,0.221416824,-0.018574614,0.094122358,0.199790629,0.174949286,0.123780628,0.149092338,0.113295845,0.09981572,0.077617908,0.162221331,0.113363602,0.085295277,0.085930867,0.055605744,0.070296832,0.07092792
IOWA,0.83898302,-0.243422873,0.688825943,0.544981345,0.611883202,0.690517656,0.726940016,0.530671036,0.489637635,0.720854554,0.584768972,0.65852638,0.695340684,0.526896001,0.445257644,0.769016273,0.723302141,1,0.846958969,0.738260945,0.245594343,0.664347499,0.687698399,0.607479707,0.80105798,0.814870837,0.447578022,0.808761923,0.478961437,0.814576445,0.665181656,0.723562374,0.620469997,0.748522294,0.645126815,0.722925943,0.560417541,0.718861967,0.725637921,0.784763104,0.780082163,0.343401289,0.605145421,0.675224947,0.746329318,0.655692049,0.593423869,0.678652524,0.766900498,0.701521736,0.751445402,0.529068799,0.820977604,0.585071752,0.23460981,0.035124821,0.131046078,0.241249923,0.23182621,0.124098563,0.13669322,0.111883761,0.086252773,0.070815065,0.181811861,0.079347752,0.088575269,0.077537394,0.082958939,0.038669503,0.102554097
KENTUCKY,0.813349792,-0.227359267,0.685904113,0.465861782,0.680955553,0.674048132,0.703549008,0.61063685,0.536090209,0.63175442,0.431473606,0.587273574,0.68702434,0.596574569,0.434692386,0.727171649,0.71780866,0.738260945,0.694128386,1,0.151762037,0.721683636,0.718903866,0.703751834,0.71081753,0.67630731,0.412851173,0.57173103,0.483653187,0.722108884,0.721978831,0.715506212,0.61309199,0.653962944,0.629790176,0.693336909,0.483198983,0.752705036,0.700924559,0.714052032,0.737235092,0.347121312,0.629165439,0.615892023,0.718883489,0.658738812,0.661263679,0.614558565,0.722726811,0.730850977,0.713796526,0.464348635,0.775954185,0.544974161,0.235680519,0.054942155,0.110971205,0.245373995,0.216280292,0.139331694,0.148585036,0.148579043,0.065835793,0.100588067,0.170245451,0.082237404,0.097582615,0.09865704,0.056546536,0.048563806,0.07826033
MINNESOTA,0.768606773,-0.181397062,0.684968555,0.505497893,0.569895867,0.613644097,0.735948945,0.507329935,0.343749941,0.585347907,0.480213389,0.66431355,0.553713394,0.550311346,0.439128672,0.718545685,0.600787923,0.814870837,0.792627359,0.67630731,0.110636127,0.536418245,0.54766546,0.531419315,0.733688548,1,0.348436711,0.785863051,0.429029589,0.707022499,0.625289107,0.634033467,0.585733461,0.584751445,0.648910184,0.62276172,0.477780963,0.689907736,0.666128431,0.701096764,0.682657654,0.26928221,0.546122604,0.504377123,0.570589866,0.56714399,0.564612969,0.55082533,0.650431192,0.593382186,0.659094412,0.396334509,0.743517285,0.452909162,0.214533274,0.097081771,0.145778706,0.215693503,0.187791854,0.134520029,0.13144009,0.128554825,0.098142813,0.074476297,0.166075042,0.054448533,0.089771629,0.062050255,0.108352488,0.02929235,0.130236526
NEW.MEXICO,0.769733837,-0.234711692,0.683340048,0.574881669,0.639738264,0.557791405,0.693222535,0.544518398,0.475888094,0.680022534,0.486528958,0.571162219,0.672400143,0.55504899,0.360348742,0.696849602,0.640507251,0.748522294,0.775729271,0.653962944,0.215867932,0.642659714,0.691446177,0.515341212,0.611261983,0.584751445,0.325343237,0.607795732,0.56026133,0.745149471,0.635630184,0.646559071,0.586241137,1,0.651911862,0.626996904,0.563107,0.645340899,0.675439716,0.710161376,0.748596918,0.367590969,0.588779939,0.60070652,0.635410486,0.562932663,0.600556574,0.696824108,0.644346571,0.708348277,0.730808779,0.698185984,0.62710609,0.683970783,0.224606218,-0.022664088,0.115382895,0.207752409,0.178702835,0.131857407,0.13581093,0.088456486,0.100086916,0.065371619,0.178677652,0.07658557,0.08290205,0.093297432,0.066096769,0.032111679,0.083615431
UTAH,0.755275036,-0.200436003,0.679840526,0.571698931,0.666595103,0.566970085,0.697169742,0.625180925,0.493396404,0.575979062,0.509308042,0.610184781,0.642133871,0.510442632,0.38150226,0.697880369,0.620229301,0.678652524,0.683522202,0.614558565,0.184534626,0.605489476,0.625824496,0.603217975,0.576086786,0.55082533,0.306729057,0.529412283,0.623110638,0.691120772,0.678943108,0.607320141,0.636788471,0.696824108,0.633440303,0.623239624,0.535047111,0.624832192,0.520184061,0.691027076,0.699264447,0.306031148,0.592066728,0.610130512,0.562847032,0.538504125,0.568834426,1,0.660484816,0.667155874,0.730839131,0.556612416,0.614454731,0.602430232,0.24265197,0.020487829,0.131733773,0.253035278,0.218611267,0.154729134,0.147159506,0.136017321,0.129916973,0.102806622,0.194431525,0.092101886,0.077180706,0.046454924,0.118042287,0.044300237,0.144334032
TEXAS,0.799835898,-0.158441699,0.67760839,0.604715889,0.711286194,0.566959009,0.723398985,0.673052106,0.566304916,0.490959651,0.48632092,0.591711583,0.676142044,0.539039025,0.536622543,0.631931505,0.649393617,0.593423869,0.692929983,0.661263679,0.146647495,0.609197232,0.634004351,0.686726316,0.615884053,0.564612969,0.35923975,0.501205866,0.416435319,0.669408919,0.611789297,0.639901269,0.668649195,0.600556574,0.686528372,0.558713229,0.445367686,0.715157599,0.696401023,0.599347791,0.694691077,0.377042947,0.526603297,0.544247898,0.506757685,0.630105282,1,0.568834426,0.53725243,0.725604772,0.727555784,0.455866049,0.61793,0.513905436,0.23265373,0.01849794,0.099255018,0.194019269,0.181762124,0.082137331,0.127334594,0.115878399,0.068603136,0.079337439,0.183283914,0.114104785,0.143638364,0.13802254,0.008049709,0.097636075,0.100579617
HAWAII,0.716422179,-0.167255615,0.67029919,0.254087576,0.698900938,0.607352433,0.749685892,0.593795871,0.297999982,0.506223002,0.469925472,0.681321553,0.620034501,1,0.433407366,0.575963585,0.653163858,0.526896001,0.540284273,0.596574569,0.127309364,0.612118453,0.609969767,0.487927125,0.538641745,0.550311346,0.282881807,0.463440422,0.531170026,0.502435905,0.738512822,0.521317674,0.548603783,0.55504899,0.63672111,0.551384444,0.283527277,0.52283784,0.43798367,0.703353048,0.549184753,0.256123825,0.62222315,0.53500309,0.469960455,0.681839316,0.539039025,0.510442632,0.510712896,0.618866262,0.618287603,0.313776413,0.561160888,0.33350953,0.225762714,0.018664137,0.128889516,0.202272249,0.17997822,0.113064333,0.133439303,0.15296352,0.080606282,0.124526325,0.157591082,0.089748934,0.107430914,0.087967121,0.02939893,0.051691159,0.084792458
MICHIGAN,0.820117463,-0.192489166,0.669452912,0.500172429,0.603881284,0.711375057,0.693771016,0.623737298,0.402995483,0.558611678,0.57470178,0.670196373,0.697958874,0.538641745,0.417756921,0.75276783,0.736221321,0.80105798,0.76913421,0.71081753,0.060311415,0.602439288,0.700971496,0.646450046,1,0.733688548,0.333067727,0.732016957,0.398393234,0.730920032,0.663082751,0.712129739,0.631629755,0.611261983,0.662182943,0.682152398,0.498237053,0.733714815,0.675871026,0.76081066,0.722581506,0.347953823,0.603657159,0.710509784,0.655944948,0.735477649,0.615884053,0.576086786,0.694959745,0.698614007,0.737890215,0.51761044,0.803855979,0.514798023,0.253630908,0.07642837,0.111668453,0.217540125,0.211962474,0.102318997,0.160154439,0.15875642,0.095211165,0.073956175,0.195991955,0.134124429,0.114860946,0.08091953,0.050060929,0.102322156,0.081775076
NORTH.CAROLINA,0.796509999,-0.219762729,0.666048927,0.337103397,0.663993455,0.67476834,0.708715569,0.600940608,0.435585642,0.52614711,0.469710272,0.663726086,0.703695044,0.551384444,0.392587657,0.686189709,0.713769218,0.722925943,0.673495003,0.693336909,0.158048285,0.626348534,0.741908426,0.626948151,0.682152398,0.62276172,0.333741494,0.599205419,0.449701735,0.70386967,0.749862319,0.706897348,0.583062488,0.626996904,0.623221774,1,0.477673095,0.61305888,0.594016519,0.743736027,0.716584571,0.327027107,0.573091564,0.680751067,0.644297448,0.652028846,0.558713229,0.623239624,0.66524259,0.724739396,0.750008617,0.465812966,0.714829085,0.438214335,0.235160692,0.050336143,0.121408416,0.226961315,0.210649038,0.11922253,0.158787254,0.112859558,0.077464003,0.09905683,0.128761709,0.073286382,0.11231428,0.132661489,0.096739065,0.043660835,0.09588213
WISCONSIN,0.823138057,-0.19058327,0.655267199,0.450691291,0.564960447,0.799060956,0.722935252,0.577339409,0.430678409,0.590552307,0.461614,0.598831359,0.623813119,0.561160888,0.390409009,0.744265126,0.744251375,0.820977604,0.772865259,0.775954185,0.155790341,0.674401178,0.713586167,0.609288493,0.803855979,0.743517285,0.420353222,0.660549791,0.418647877,0.732438995,0.673059392,0.776312583,0.634090766,0.62710609,0.682990078,0.714829085,0.562199514,0.740409133,0.770383282,0.767622949,0.774855433,0.339907095,0.55318935,0.614211269,0.673072683,0.646247609,0.61793,0.614454731,0.756401731,0.674558046,0.788056175,0.592742854,1,0.620496027,0.233719194,0.065475605,0.086004398,0.25474812,0.23306423,0.142276629,0.151346681,0.138208512,0.081065373,0.088578546,0.157108256,0.11118594,0.079299553,0.091984712,0.03039484,0.084160079,0.088698981
MISSOURI,0.724834839,-0.185645708,0.639782539,0.417625789,0.524743982,0.648970575,0.655236204,0.509482143,0.353253324,0.592259929,0.5813513,0.627251758,0.606761217,0.463440422,0.370939224,0.651003012,0.586597484,0.808761923,0.829274745,0.57173103,0.142264296,0.502356991,0.596899848,0.461845598,0.732016957,0.785863051,0.332384022,1,0.448454932,0.661218447,0.632026085,0.532417708,0.588322104,0.607795732,0.546164247,0.599205419,0.368020154,0.592754193,0.578510241,0.632662058,0.68582684,0.313171046,0.552651802,0.474741648,0.577603746,0.612091111,0.501205866,0.529412283,0.533478281,0.568757641,0.612395243,0.484710702,0.660549791,0.387438017,0.183457574,0.053479884,0.115905166,0.167886446,0.130970809,0.12250712,0.121999308,0.079508816,0.064837856,0.054089414,0.134308873,0.041241056,0.11316816,0.05554589,0.075831739,0.011884532,0.13088035
NEW.YORK,0.856443565,-0.164155784,0.638616549,0.574856776,0.697626677,0.683716108,0.847473833,0.736515562,0.437337441,0.607056865,0.454554255,0.686203447,0.703672148,0.63672111,0.397815107,0.697540409,0.650456099,0.645126815,0.729406589,0.629790176,0.16441169,0.630245299,0.727918205,0.632916732,0.662182943,0.648910184,0.388914968,0.546164247,0.554888176,0.656903614,0.706419899,0.759042787,0.827574277,0.651911862,1,0.623221774,0.454595189,0.742346198,0.693727354,0.750436413,0.771774693,0.344317316,0.691705485,0.591517823,0.543410504,0.606247422,0.686528372,0.633440303,0.636756948,0.774144546,0.734594145,0.532030828,0.682990078,0.496036613,0.232977199,0.013029515,0.115251247,0.200598479,0.17609762,0.11645014,0.141721987,0.143927867,0.095108787,0.111570262,0.168992083,0.102028516,0.092550443,0.075175216,0.049291507,0.064406594,0.106865195
VERMONT,0.762767353,-0.263980449,0.637552802,0.535061147,0.582446324,0.66342571,0.698106112,0.539518067,0.544568189,0.594998543,0.365885832,0.602695327,0.592956505,0.510712896,0.347389846,0.59640077,0.587156227,0.766900498,0.653849764,0.722726811,0.134006042,0.721618685,0.628803658,0.639681711,0.694959745,0.650431192,0.279535536,0.533478281,0.462314181,0.611530563,0.683545941,0.781314953,0.705003771,0.644346571,0.636756948,0.66524259,0.595822555,0.647558865,0.629569191,0.708473701,0.74179485,0.302100813,0.674584374,0.598871039,0.620641975,0.593000202,0.53725243,0.660484816,1,0.671248551,0.675609143,0.602580959,0.756401731,0.60259578,0.219443457,0.08793349,0.102237971,0.238428714,0.227906514,0.121457613,0.107727702,0.116846866,0.112986655,0.066049412,0.172235122,0.083052712,0.079526451,0.069631453,0.05068607,0.067653849,0.078764801
NEW.JERSEY,0.80604508,-0.180137154,0.636616375,0.552261611,0.69113975,0.675512504,0.735607452,0.716033337,0.500636483,0.612268981,0.461451151,0.592661461,0.638257704,0.548603783,0.376855154,0.588644554,0.631052655,0.620469997,0.704448197,0.61309199,0.157351786,0.642515579,0.668492227,0.695918197,0.631629755,0.585733461,0.35974416,0.588322104,0.457136719,0.540579434,0.690775146,0.71100406,1,0.586241137,0.827574277,0.583062488,0.516905384,0.660022512,0.59596334,0.654622279,0.775951422,0.364308824,0.641319046,0.580761842,0.506632397,0.598564185,0.668649195,0.636788471,0.705003771,0.685626198,0.690959949,0.633275395,0.634090766,0.544814251,0.217479292,0.095862503,0.118787032,0.215192954,0.174675344,0.143799834,0.108984739,0.11374143,0.093562686,0.071302324,0.161267628,0.078032194,0.107967544,0.086295702,0.054349297,0.043867916,0.117889437
MAINE,0.777386941,-0.234580745,0.636409538,0.356987179,0.612806813,0.746691285,0.742800565,0.69764032,0.67675664,0.498004427,0.51650846,0.55868677,0.680857832,0.612118453,0.367026296,0.62420774,0.728081723,0.664347499,0.624740344,0.721683636,0.171492815,1,0.684404181,0.671567446,0.602439288,0.536418245,0.311193705,0.502356991,0.558461298,0.671045483,0.653105674,0.728343638,0.642515579,0.642659714,0.630245299,0.626348534,0.426982821,0.653624908,0.593201431,0.754998866,0.669489217,0.418830866,0.680727324,0.70532648,0.69858272,0.616570715,0.609197232,0.605489476,0.721618685,0.761331048,0.661599353,0.499019472,0.674401178,0.52970488,0.208624161,0.002145012,0.081355939,0.202205461,0.174101934,0.122865049,0.121921246,0.110079246,0.092299171,0.140452019,0.15546585,0.083689724,0.078442928,0.092345515,0.040578105,0.040624673,0.096224934
SOUTH.CAROLINA,0.762165542,-0.213076611,0.630078532,0.326355605,0.65240118,0.678792136,0.689991224,0.625028083,0.579885052,0.417491908,0.591854448,0.611517737,0.720709106,0.53500309,0.386402029,0.652484848,0.758709737,0.675224947,0.626536939,0.615892023,0.137726261,0.70532648,0.696603402,0.707661461,0.710509784,0.504377123,0.303753332,0.474741648,0.427338967,0.588453815,0.659534466,0.596578104,0.580761842,0.60070652,0.591517823,0.680751067,0.397328059,0.563956785,0.571054962,0.77732283,0.589960967,0.385652211,0.609803517,1,0.657612214,0.615571768,0.544247898,0.610130512,0.598871039,0.76917104,0.722437846,0.372731032,0.614211269,0.451017734,0.243879266,0.053841981,0.118862457,0.180860916,0.182146812,0.076188128,0.173266048,0.144937736,0.048799493,0.083446287,0.18211386,0.106950357,0.108987348,0.08931028,0.097804749,0.03516651,0.09249159
NEW.HAMPSHIRE,0.818362521,-0.216799356,0.623241485,0.45845524,0.685713639,0.718669693,0.747791687,0.669257458,0.544499886,0.516033561,0.405450128,0.624030062,0.655271992,0.521317674,0.323073177,0.666838075,0.734619392,0.723562374,0.703718629,0.715506212,0.159961267,0.728343638,0.721743933,0.715213044,0.712129739,0.634033467,0.386404197,0.532417708,0.297812969,0.674068777,0.659300535,1,0.71100406,0.646559071,0.759042787,0.706897348,0.512101104,0.691139884,0.698945687,0.75194424,0.7414527,0.328644173,0.618616432,0.596578104,0.656378974,0.596428944,0.639901269,0.607320141,0.781314953,0.815719318,0.733671413,0.572583253,0.776312583,0.524555767,0.246269689,0.042963934,0.114397242,0.254544668,0.2415896,0.125742428,0.141610756,0.11720698,0.119948834,0.069454628,0.191353361,0.105183101,0.077883401,0.102388438,0.061853446,0.050437694,0.085661052
MASSACHUSETTS,0.779126131,-0.20371215,0.620616561,0.511887435,0.778876539,0.695510351,0.714527211,0.695318676,0.759101864,0.488232707,0.499742096,0.617258103,0.655080649,0.487927125,0.393370289,0.667581762,0.697814833,0.607479707,0.61713317,0.703751834,0.103698159,0.671567446,0.62954109,1,0.646450046,0.531419315,0.312327334,0.461845598,0.318458205,0.568976395,0.68590404,0.715213044,0.695918197,0.515341212,0.632916732,0.626948151,0.404513058,0.650678217,0.585749657,0.636119912,0.604991083,0.381546673,0.582314997,0.707661461,0.520352001,0.532645878,0.686726316,0.603217975,0.639681711,0.76699598,0.698366578,0.355992832,0.609288493,0.344610026,0.266007354,0.066721458,0.165165088,0.211000027,0.186066014,0.116627004,0.166513088,0.140692957,0.064442234,0.097243509,0.194672811,0.107469133,0.124423149,0.11696836,0.063162043,0.025443777,0.078448405
COLORADO,0.795396973,-0.167481597,0.616526748,0.441075189,0.751702865,0.645092081,0.777514583,1,0.546862465,0.412906234,0.451181357,0.643436924,0.695016099,0.593795871,0.402044775,0.673948869,0.732404703,0.530671036,0.675333055,0.61063685,0.119137961,0.69764032,0.695296149,0.695318676,0.623737298,0.507329935,0.331072047,0.509482143,0.46888797,0.654357977,0.711873081,0.669257458,0.716033337,0.544518398,0.736515562,0.600940608,0.437300379,0.658030193,0.555880949,0.752037531,0.670810453,0.248816662,0.698097244,0.625028083,0.516985542,0.642585057,0.673052106,0.625180925,0.539518067,0.746463983,0.732643803,0.452331063,0.577339409,0.440199416,0.218334881,0.013463668,0.076750884,0.190020816,0.151235132,0.120820756,0.135849122,0.133812874,0.107229512,0.09135965,0.151647331,0.124558387,0.09929155,0.113542514,0.022098777,0.080651003,0.074847877
ARKANSAS,0.780109092,-0.161622789,0.609359255,0.306988814,0.561601256,1,0.708883198,0.645092081,0.557111001,0.50594063,0.60499265,0.592685789,0.601008883,0.607352433,0.371612042,0.63158309,0.687878223,0.690517656,0.724728094,0.674048132,0.113376376,0.746691285,0.716291934,0.695510351,0.711375057,0.613644097,0.302451433,0.648970575,0.476045116,0.640456955,0.707845503,0.718669693,0.675512504,0.557791405,0.683716108,0.67476834,0.431659729,0.651176597,0.664119983,0.772599608,0.689443962,0.36017568,0.609297958,0.678792136,0.720221181,0.612555776,0.566959009,0.566970085,0.66342571,0.676586468,0.706895077,0.578221086,0.799060956,0.452325961,0.221594094,0.015957378,0.101155523,0.220130439,0.185956058,0.132734739,0.154082773,0.123926403,0.051606614,0.089561817,0.135785001,0.089034898,0.090693491,0.089285006,0.031397464,0.064446771,0.089327161
DISTRICT.OF.COLUMBIA,0.600448082,-0.141023675,0.604989609,0.33738981,0.530248931,0.60499265,0.575738213,0.451181357,0.346740944,0.412679106,1,0.548636361,0.528195086,0.469925472,0.362156329,0.512824455,0.502248269,0.584768972,0.558161608,0.431473606,0.02335983,0.51650846,0.576367873,0.499742096,0.57470178,0.480213389,0.162312379,0.5813513,0.423771051,0.514141814,0.547676833,0.405450128,0.461451151,0.486528958,0.454554255,0.469710272,0.201065217,0.538178213,0.387965113,0.55572958,0.536318233,0.168385787,0.44768433,0.591854448,0.555126106,0.507084595,0.48632092,0.509308042,0.365885832,0.512899378,0.561519284,0.29463485,0.461614,0.333447086,0.184810904,0.024858034,0.134104683,0.154423495,0.133999294,0.099640722,0.112749165,0.104607927,0.06452366,0.111702704,0.115752848,0.036636431,0.078131861,0.07948273,0.075376858,0.018196273,0.112271993
WYOMING,0.600878541,-0.114009491,0.594361965,0.617489713,0.399771461,0.452325961,0.463544332,0.440199416,0.391000058,0.509790387,0.333447086,0.352965899,0.443847927,0.33350953,0.322185239,0.556989011,0.486858439,0.585071752,0.578918637,0.544974161,0.160809215,0.52970488,0.499760348,0.344610026,0.514798023,0.452909162,0.301031188,0.387438017,0.520975351,0.655389171,0.443561048,0.524555767,0.544814251,0.683970783,0.496036613,0.438214335,0.743800749,0.587008033,0.636713863,0.544521123,0.696184398,0.273057129,0.465816989,0.451017734,0.553321304,0.43171366,0.513905436,0.602430232,0.60259578,0.502167648,0.634857006,0.742238383,0.620496027,1,0.154885959,0.022597459,0.015343275,0.204423274,0.175519271,0.121324281,0.082470836,0.076828986,0.088361975,0.047764015,0.099525849,0.081168916,0.046751268,0.07683763,0.021237591,0.092603448,0.047632073
OKLAHOMA,0.761444185,-0.160284626,0.592368093,0.504435671,0.501034157,0.664119983,0.652146352,0.555880949,0.483100008,0.466371044,0.387965113,0.552920994,0.569094032,0.43798367,0.357181826,0.676532425,0.6310787,0.725637921,0.738144104,0.700924559,0.124714544,0.593201431,0.65658706,0.585749657,0.675871026,0.666128431,0.361694711,0.578510241,0.333990432,0.697203551,0.547755041,0.698945687,0.59596334,0.675439716,0.693727354,0.594016519,0.629023223,0.757029721,1,0.696576889,0.726121059,0.398343769,0.451406524,0.571054962,0.656051675,0.511403511,0.696401023,0.520184061,0.629569191,0.711962109,0.695129534,0.563776187,0.770383282,0.636713863,0.219684835,0.008752563,0.093528827,0.215648627,0.206800736,0.096520487,0.146148154,0.134250249,0.083925387,0.054291808,0.176386943,0.080000455,0.093423957,0.067795607,0.028815029,0.069069296,0.086058117
RHODE.ISLAND,0.752640238,-0.22611347,0.588568931,0.4872857,0.728105129,0.609297958,0.787928226,0.698097244,0.597611171,0.571156808,0.44768433,0.63495355,0.681342111,0.62222315,0.449571794,0.650099352,0.597158636,0.605145421,0.591457947,0.629165439,0.103035365,0.680727324,0.637260846,0.582314997,0.603657159,0.546122604,0.283281922,0.552651802,0.647317764,0.561343879,0.754785541,0.618616432,0.641319046,0.588779939,0.691705485,0.573091564,0.358457986,0.537531469,0.451406524,0.709121564,0.689002621,0.3294892,1,0.609803517,0.482304157,0.556581959,0.526603297,0.592066728,0.674584374,0.665666565,0.623870552,0.372957038,0.55318935,0.465816989,0.19685923,0.060540062,0.069389552,0.1774481,0.149006885,0.104821755,0.129872292,0.116799357,0.0734416,0.068486583,0.131467681,0.103214949,0.08564999,0.085385895,0.022210848,0.071075052,0.068618241
DELAWARE,0.7022333,-0.199026692,0.574481481,0.547670849,0.61845219,0.50594063,0.646661067,0.412906234,0.365663767,1,0.412679106,0.547177867,0.668750499,0.506223002,0.410307187,0.609364955,0.523134809,0.720854554,0.637991662,0.63175442,0.241740387,0.498004427,0.653580638,0.488232707,0.558611678,0.585347907,0.432588098,0.592259929,0.580216599,0.647766375,0.66422622,0.516033561,0.612268981,0.680022534,0.607056865,0.52614711,0.493492814,0.642500334,0.466371044,0.589187785,0.681933089,0.255291824,0.571156808,0.417491908,0.537521678,0.554495444,0.490959651,0.575979062,0.594998543,0.470203536,0.581228754,0.487923718,0.590552307,0.509790387,0.19272764,-0.017601029,0.120925859,0.197462295,0.177196775,0.116412267,0.092360556,0.070411976,0.044711044,0.064256888,0.133781687,0.074508674,0.083313682,0.072678404,0.038811058,0.041691822,0.068565023
WEST.VIRGINIA,0.584315995,-0.111807732,0.570532381,0.464743476,0.355972727,0.578221086,0.452127839,0.452331063,0.354197584,0.487923718,0.29463485,0.371918898,0.464961883,0.313776413,0.193860964,0.462487615,0.444483534,0.529068799,0.617160447,0.464348635,0.150350853,0.499019472,0.505864301,0.355992832,0.51761044,0.396334509,0.27749557,0.484710702,0.384148588,0.574679299,0.448701703,0.572583253,0.633275395,0.698185984,0.532030828,0.465812966,0.628343183,0.510058247,0.563776187,0.514886191,0.633310333,0.296104635,0.372957038,0.372731032,0.489495461,0.442823216,0.455866049,0.556612416,0.602580959,0.488176308,0.604097178,1,0.592742854,0.742238383,0.169442067,0.020464265,0.09957188,0.189975442,0.144473145,0.14593702,0.102686503,0.045486247,0.077989784,0.037235681,0.11737027,0.035540212,0.053336987,0.063768971,0.050854812,0.041993684,0.062779341
MONTANA,0.60646379,-0.136933505,0.556610192,0.443865186,0.50620672,0.476045116,0.622861731,0.46888797,0.410282645,0.580216599,0.423771051,0.515432153,0.54932909,0.531170026,0.39921946,0.552439664,0.46340249,0.478961437,0.466334612,0.483653187,0.145975975,0.558461298,0.539351147,0.318458205,0.398393234,0.429029589,0.22789832,0.448454932,1,0.614812518,0.589013726,0.297812969,0.457136719,0.56026133,0.554888176,0.449701735,0.39043267,0.522405628,0.333990432,0.556149499,0.625032039,0.295714046,0.647317764,0.427338967,0.495624046,0.525524393,0.416435319,0.623110638,0.462314181,0.489132984,0.504331432,0.384148588,0.418647877,0.520975351,0.125365873,-0.050413177,-0.005227566,0.111265071,0.085487334,0.085989193,0.105545168,0.084709047,0.062732388,0.11542489,0.053961695,0.088555431,0.052019021,0.057857774,-0.02019238,0.076200979,0.055349039
SOUTH.DAKOTA,0.703483917,-0.128817164,0.548812669,0.29708114,0.522614121,0.720221181,0.568908705,0.516985542,0.462500764,0.537521678,0.555126106,0.511385884,0.585765733,0.469960455,0.413689199,0.514751368,0.610641296,0.746329318,0.656567191,0.718883489,0.199679744,0.69858272,0.744102247,0.520352001,0.655944948,0.570589866,0.351600865,0.577603746,0.495624046,0.749516631,0.556817889,0.656378974,0.506632397,0.635410486,0.543410504,0.644297448,0.435238736,0.613184501,0.656051675,0.721413688,0.681858701,0.342739466,0.482304157,0.657612214,1,0.612424845,0.506757685,0.562847032,0.620641975,0.689277007,0.660447475,0.489495461,0.673072683,0.553321304,0.189787608,-0.031681593,0.056341853,0.205749343,0.20000037,0.09820905,0.135196314,0.112992888,0.083538193,0.056442173,0.121233997,0.094608979,0.071588718,0.07540503,0.047028359,0.075362242,0.065499876
ALASKA,0.585850147,-0.077135893,0.521753928,1,0.479090607,0.306988814,0.540791591,0.441075189,0.428610132,0.547670849,0.33738981,0.397494774,0.419125635,0.254087576,0.350161164,0.54808476,0.338710989,0.544981345,0.606990971,0.465861782,0.116697925,0.356987179,0.395336124,0.511887435,0.500172429,0.505497893,0.275118305,0.417625789,0.443865186,0.587298079,0.403684926,0.45845524,0.552261611,0.574881669,0.574856776,0.337103397,0.498084403,0.592804804,0.504435671,0.39852514,0.537744459,0.226412335,0.4872857,0.326355605,0.29708114,0.342300167,0.604715889,0.571698931,0.535061147,0.446875655,0.577883405,0.464743476,0.450691291,0.617489713,0.141910809,0.043491668,0.05080363,0.143025593,0.131156086,0.077592311,0.061090678,0.079097843,0.06224873,0.054414037,0.100412682,0.082783493,0.048001338,0.078911023,0.031282602,0.06488884,0.051552853
NORTH.DAKOTA,0.57540038,-0.17862643,0.514606437,0.498084403,0.407914155,0.431659729,0.441055739,0.437300379,0.309636017,0.493492814,0.201065217,0.396351949,0.465628914,0.283527277,0.293123824,0.529249098,0.521819513,0.560417541,0.490299858,0.483198983,0.115063495,0.426982821,0.497250019,0.404513058,0.498237053,0.477780963,0.295136819,0.368020154,0.39043267,0.591996919,0.412642177,0.512101104,0.516905384,0.563107,0.454595189,0.477673095,1,0.669103541,0.629023223,0.539987723,0.633103481,0.224772505,0.358457986,0.397328059,0.435238736,0.46935048,0.445367686,0.535047111,0.595822555,0.467197403,0.510922753,0.628343183,0.562199514,0.743800749,0.1520614,0.021944994,0.037511963,0.196212549,0.167526369,0.11624566,0.101020563,0.095704719,0.062803989,0.044651101,0.096065397,0.055729114,0.039136817,0.058735696,0.018715652,0.073758749,0.062745462
IDAHO,0.51339281,-0.007160879,0.4444178,0.350161164,0.500858245,0.371612042,0.494802788,0.402044775,0.293731286,0.410307187,0.362156329,0.421284432,0.399715179,0.433407366,1,0.432312332,0.4114379,0.445257644,0.422997902,0.434692386,0.056011786,0.367026296,0.483055983,0.393370289,0.417756921,0.439128672,0.203164512,0.370939224,0.39921946,0.438802579,0.478127141,0.323073177,0.376855154,0.360348742,0.397815107,0.392587657,0.293123824,0.408969965,0.357181826,0.452446176,0.423474407,0.205819076,0.449571794,0.386402029,0.413689199,0.436817663,0.536622543,0.38150226,0.347389846,0.383822876,0.514599375,0.193860964,0.390409009,0.322185239,0.029685472,-0.014679438,-0.03545522,0.051727503,0.071559032,-0.005172508,0.033916894,0.015950959,0.023092261,0.060913951,-0.000639488,0.022414955,0.040524371,0.018993298,-0.077837539,0.069484053,0.043339256
CONNECTICUT,0.598876051,-0.208424341,0.443610543,0.428610132,0.613608887,0.557111001,0.583424186,0.546862465,1,0.365663767,0.346740944,0.433956069,0.498986615,0.297999982,0.293731286,0.558240541,0.517169114,0.489637635,0.480435746,0.536090209,0.127685403,0.67675664,0.385925882,0.759101864,0.402995483,0.343749941,0.212549657,0.353253324,0.410282645,0.464763753,0.480975135,0.544499886,0.500636483,0.475888094,0.437337441,0.435585642,0.309636017,0.425745954,0.483100008,0.442718521,0.540496489,0.406600893,0.597611171,0.579885052,0.462500764,0.31539351,0.566304916,0.493396404,0.544568189,0.661025963,0.525060115,0.354197584,0.430678409,0.391000058,0.214572586,-0.000213447,0.127420174,0.173260308,0.14894976,0.095217668,0.143202505,0.09050863,0.054116987,0.075479679,0.144673903,0.083619967,0.106385623,0.10889877,0.019138982,0.026219506,0.050326761
PUERTO.RICO,0.429558951,-0.090621526,0.327596898,0.226412335,0.304531043,0.36017568,0.364926002,0.248816662,0.406600893,0.255291824,0.168385787,0.280110563,0.343932874,0.256123825,0.205819076,0.369864986,0.329816279,0.343401289,0.340344588,0.347121312,0.139998889,0.418830866,0.310719524,0.381546673,0.347953823,0.26928221,0.20860994,0.313171046,0.295714046,0.376276934,0.314190975,0.328644173,0.364308824,0.367590969,0.344317316,0.327027107,0.224772505,0.301445133,0.398343769,0.31802191,0.336614959,1,0.3294892,0.385652211,0.342739466,0.268144794,0.377042947,0.306031148,0.302100813,0.432223156,0.353993672,0.296104635,0.339907095,0.273057129,0.09163375,0.058533888,0.030411895,0.044060855,0.069688923,-0.028748237,0.108292449,0.032022923,0.001745125,0.103502109,0.064048363,0.036919349,0.093368512,0.030446927,0.019728732,-0.022550986,0.023520037
MISSISSIPPI,0.535338975,-0.058988855,0.317627462,0.275118305,0.374947093,0.302451433,0.422581261,0.331072047,0.212549657,0.432588098,0.162312379,0.339583186,0.478139744,0.282881807,0.203164512,0.42533815,0.434170104,0.447578022,0.37185585,0.412851173,0.711180718,0.311193705,0.390394709,0.312327334,0.333067727,0.348436711,1,0.332384022,0.22789832,0.467680849,0.339833236,0.386404197,0.35974416,0.325343237,0.388914968,0.333741494,0.295136819,0.466649379,0.361694711,0.368748101,0.392686101,0.20860994,0.283281922,0.303753332,0.351600865,0.335563621,0.35923975,0.306729057,0.279535536,0.400347164,0.398798962,0.27749557,0.420353222,0.301031188,0.133478997,-0.010202764,0.004831651,0.123465517,0.090727297,0.104761976,0.033160686,0.071080363,0.067950864,-0.006870517,0.169051711,0.068902802,0.098423137,0.062146711,0.065340636,0.006472024,0.09948719
Nonagriculture.Industries,0.281939741,-0.091355711,0.250460995,0.141910809,0.262640914,0.221594094,0.262325141,0.218334881,0.214572586,0.19272764,0.184810904,0.243233839,0.250921772,0.225762714,0.029685472,0.257617571,0.265541555,0.23460981,0.242835554,0.235680519,0.035903926,0.208624161,0.208672267,0.266007354,0.253630908,0.214533274,0.133478997,0.183457574,0.125365873,0.221416824,0.236480864,0.246269689,0.217479292,0.224606218,0.232977199,0.235160692,0.1520614,0.235354105,0.219684835,0.234361432,0.235182874,0.09163375,0.19685923,0.243879266,0.189787608,0.209769348,0.23265373,0.24265197,0.219443457,0.274765139,0.22732009,0.169442067,0.233719194,0.154885959,1,0.145824822,0.590435458,0.53123179,0.477218583,0.329008531,0.760067221,0.425767463,0.241028828,0.30172863,0.650264074,0.464822109,0.659701383,0.44371823,0.174777772,0.356256239,0.365840901
Manufacturing,0.257364193,-0.001223716,0.232771157,0.143025593,0.227250237,0.220130439,0.222777636,0.190020816,0.173260308,0.197462295,0.154423495,0.202744318,0.199524344,0.202272249,0.051727503,0.239246285,0.253104413,0.241249923,0.243542731,0.245373995,0.080487975,0.202205461,0.184539666,0.211000027,0.217540125,0.215693503,0.123465517,0.167886446,0.111265071,0.199790629,0.20567673,0.254544668,0.215192954,0.207752409,0.200598479,0.226961315,0.196212549,0.245248707,0.215648627,0.215247419,0.248036414,0.044060855,0.1774481,0.180860916,0.205749343,0.198202495,0.194019269,0.253035278,0.238428714,0.238750447,0.211455798,0.189975442,0.25474812,0.204423274,0.53123179,0.090768925,0.276377057,1,0.8479974,0.664180872,0.344264071,0.163886146,0.071406484,0.011834902,0.335104374,0.187404156,0.18385486,0.089515698,0.019481198,0.081910373,0.172092846
Durable.Goods.Manufacturing,0.230043478,0.032342031,0.198961738,0.131156086,0.208645722,0.185956058,0.204995887,0.151235132,0.14894976,0.177196775,0.133999294,0.193893188,0.180704252,0.17997822,0.071559032,0.210027394,0.22214841,0.23182621,0.201791977,0.216280292,0.058439669,0.174101934,0.176523756,0.186066014,0.211962474,0.187791854,0.090727297,0.130970809,0.085487334,0.174949286,0.180256906,0.2415896,0.174675344,0.178702835,0.17609762,0.210649038,0.167526369,0.221846518,0.206800736,0.19654481,0.206984116,0.069688923,0.149006885,0.182146812,0.20000037,0.184500965,0.181762124,0.218611267,0.227906514,0.216898213,0.200035289,0.144473145,0.23306423,0.175519271,0.477218583,0.077538133,0.253064164,0.8479974,1,0.190758356,0.332786561,0.187752052,0.032881475,-0.013832837,0.29918407,0.217562524,0.148233075,0.121483092,0.029298879,0.1488451,0.148530831
Professional.and.Business.Services,0.208700068,-0.117690616,0.189244705,0.100412682,0.190712246,0.135785001,0.188570555,0.151647331,0.144673903,0.133781687,0.115752848,0.189859548,0.184557995,0.157591082,-0.000639488,0.182997043,0.18904835,0.181811861,0.177259267,0.170245451,0.026727056,0.15546585,0.143358495,0.194672811,0.195991955,0.166075042,0.169051711,0.134308873,0.053961695,0.162221331,0.163582638,0.191353361,0.161267628,0.178677652,0.168992083,0.128761709,0.096065397,0.167393882,0.176386943,0.177339245,0.164119752,0.064048363,0.131467681,0.18211386,0.121233997,0.141955075,0.183283914,0.194431525,0.172235122,0.2018149,0.161945395,0.11737027,0.157108256,0.099525849,0.650264074,0.055040757,0.351656898,0.335104374,0.29918407,0.202388623,0.419523821,0.29876854,0.116047668,0.072058147,1,0.189510099,0.340548072,0.123860889,0.083747138,0.11165298,0.265353824
Wholesale.and.retail.trade,0.169279499,-0.073115202,0.156645055,0.061090678,0.164741262,0.154082773,0.165625576,0.135849122,0.143202505,0.092360556,0.112749165,0.141679131,0.160501209,0.133439303,0.033916894,0.170355407,0.176699115,0.13669322,0.144912458,0.148585036,-0.046187236,0.121921246,0.141673871,0.166513088,0.160154439,0.13144009,0.033160686,0.121999308,0.105545168,0.149092338,0.143244146,0.141610756,0.108984739,0.13581093,0.141721987,0.158787254,0.101020563,0.146385899,0.146148154,0.170766241,0.135248612,0.108292449,0.129872292,0.173266048,0.135196314,0.127860225,0.127334594,0.147159506,0.107727702,0.185927296,0.162235957,0.102686503,0.151346681,0.082470836,0.760067221,0.074477453,0.330247994,0.344264071,0.332786561,0.203373136,1,0.36244371,0.193770949,0.203743282,0.419523821,0.275902872,0.462333175,0.334661982,0.057771613,0.252582039,0.174583423
Construction,0.123398307,-0.023781291,0.146030879,0.05080363,0.149777467,0.101155523,0.13159553,0.076750884,0.127420174,0.120925859,0.134104683,0.131301962,0.134098825,0.128889516,-0.03545522,0.132630939,0.117003848,0.131046078,0.142581765,0.110971205,-0.121284335,0.081355939,0.05248513,0.165165088,0.111668453,0.145778706,0.004831651,0.115905166,-0.005227566,0.094122358,0.12716568,0.114397242,0.118787032,0.115382895,0.115251247,0.121408416,0.037511963,0.099514805,0.093528827,0.071919958,0.108690771,0.030411895,0.069389552,0.118862457,0.056341853,0.091752537,0.099255018,0.131733773,0.102237971,0.116725876,0.068193819,0.09957188,0.086004398,0.015343275,0.590435458,0.121047125,1,0.276377057,0.253064164,0.166525419,0.330247994,0.131571345,-0.011143607,0.166400657,0.351656898,0.026780177,0.271726016,0.142458007,0.389961665,-0.049690138,0.246807081
Nondurable.Goods.Manufacturing,0.144856455,-0.052017547,0.141730172,0.077592311,0.117070843,0.132734739,0.117769442,0.120820756,0.095217668,0.116412267,0.099640722,0.094331391,0.107137954,0.113064333,-0.005172508,0.141458732,0.149986166,0.124098563,0.157553131,0.139331694,0.082101756,0.122865049,0.086435639,0.116627004,0.102318997,0.134520029,0.104761976,0.12250712,0.085989193,0.123780628,0.116377438,0.125742428,0.143799834,0.131857407,0.11645014,0.11922253,0.11624566,0.135210177,0.096520487,0.117515729,0.163236375,-0.028748237,0.104821755,0.076188128,0.09820905,0.095782296,0.082137331,0.154729134,0.121457613,0.127772617,0.105523725,0.14593702,0.142276629,0.121324281,0.329008531,0.049063847,0.166525419,0.664180872,0.190758356,1,0.203373136,0.042749146,0.116401346,0.035830878,0.202388623,0.054888546,0.111577933,0.046921176,-0.019818521,-0.064326139,0.13332441
Financial.Activities,0.112827473,0.082319332,0.138424944,0.054414037,0.09195022,0.089561817,0.122556096,0.09135965,0.075479679,0.064256888,0.111702704,0.098554253,0.08991606,0.124526325,0.060913951,0.096799984,0.110670114,0.070815065,0.069404947,0.100588067,0.045011357,0.140452019,0.09548249,0.097243509,0.073956175,0.074476297,-0.006870517,0.054089414,0.11542489,0.077617908,0.112030602,0.069454628,0.071302324,0.065371619,0.111570262,0.09905683,0.044651101,0.097020926,0.054291808,0.086842588,0.099900639,0.103502109,0.068486583,0.083446287,0.056442173,0.074306293,0.079337439,0.102806622,0.066049412,0.110808456,0.091101565,0.037235681,0.088578546,0.047764015,0.30172863,-0.026174611,0.166400657,0.011834902,-0.013832837,0.035830878,0.203743282,0.068884868,0.120825859,1,0.072058147,0.079791033,0.160288285,0.149372659,-0.002219856,0.160513356,0.107526978
LOUISIANA,0.293201765,-0.034574078,0.136195465,0.116697925,0.147448732,0.113376376,0.187027848,0.119137961,0.127685403,0.241740387,0.02335983,0.148496383,0.219057452,0.127309364,0.056011786,0.185789858,0.189134419,0.245594343,0.20774065,0.151762037,1,0.171492815,0.167110094,0.103698159,0.060311415,0.110636127,0.711180718,0.142264296,0.145975975,0.242748938,0.154376882,0.159961267,0.157351786,0.215867932,0.16441169,0.158048285,0.115063495,0.197944707,0.124714544,0.164644639,0.181399103,0.139998889,0.103035365,0.137726261,0.199679744,0.102670146,0.146647495,0.184534626,0.134006042,0.180264671,0.198062931,0.150350853,0.155790341,0.160809215,0.035903926,-0.011588649,-0.121284335,0.080487975,0.058439669,0.082101756,-0.046187236,-0.014197018,0.102708777,0.045011357,0.026727056,0.086584469,0.060508833,0.05124626,0.02969838,0.011346962,0.039714973
Transportation.and.Utilities,0.162028428,-0.09888974,0.123079863,0.079097843,0.143427894,0.123926403,0.148733873,0.133812874,0.09050863,0.070411976,0.104607927,0.216345952,0.13742846,0.15296352,0.015950959,0.144132377,0.133223512,0.111883761,0.102999368,0.148579043,-0.014197018,0.110079246,0.121590049,0.140692957,0.15875642,0.128554825,0.071080363,0.079508816,0.084709047,0.113295845,0.134650828,0.11720698,0.11374143,0.088456486,0.143927867,0.112859558,0.095704719,0.148139356,0.134250249,0.145980504,0.121341155,0.032022923,0.116799357,0.144937736,0.112992888,0.134035996,0.115878399,0.136017321,0.116846866,0.158008028,0.129617359,0.045486247,0.138208512,0.076828986,0.425767463,-0.027418399,0.131571345,0.163886146,0.187752052,0.042749146,0.36244371,1,0.175092602,0.068884868,0.29876854,0.130193328,0.217857386,0.190484131,-0.014266047,0.27953205,0.0692946
Self.employed.unincorporated..and.unpaid.family.workers,0.11855518,-0.031194173,0.121235819,0.051552853,0.088516694,0.089327161,0.109685937,0.074847877,0.050326761,0.068565023,0.112271993,0.077631938,0.099474196,0.084792458,0.043339256,0.102406734,0.086433922,0.102554097,0.1022575,0.07826033,0.039714973,0.096224934,0.089014006,0.078448405,0.081775076,0.130236526,0.09948719,0.13088035,0.055349039,0.07092792,0.085182781,0.085661052,0.117889437,0.083615431,0.106865195,0.09588213,0.062745462,0.097762346,0.086058117,0.084803279,0.113089519,0.023520037,0.068618241,0.09249159,0.065499876,0.106904411,0.100579617,0.144334032,0.078764801,0.103555482,0.076494358,0.062779341,0.088698981,0.047632073,0.365840901,0.171294577,0.246807081,0.172092846,0.148530831,0.13332441,0.174583423,0.0692946,0.108156457,0.107526978,0.265353824,0.153952163,0.303875667,0.236698033,0.109426763,0.057240264,1
Leisure.and.Hospitality,0.130196622,-0.093747316,0.104478281,0.048001338,0.124331635,0.090693491,0.112759143,0.09929155,0.106385623,0.083313682,0.078131861,0.109675086,0.101846924,0.107430914,0.040524371,0.102468989,0.088768898,0.088575269,0.118882687,0.097582615,0.060508833,0.078442928,0.081473871,0.124423149,0.114860946,0.089771629,0.098423137,0.11316816,0.052019021,0.085295277,0.10379733,0.077883401,0.107967544,0.08290205,0.092550443,0.11231428,0.039136817,0.076898649,0.093423957,0.087307454,0.097593315,0.093368512,0.08564999,0.108987348,0.071588718,0.108066797,0.143638364,0.077180706,0.079526451,0.114018377,0.074906972,0.053336987,0.079299553,0.046751268,0.659701383,0.16053569,0.271726016,0.18385486,0.148233075,0.111577933,0.462333175,0.217857386,0.142397664,0.160288285,0.340548072,0.249700267,1,0.247210439,0.141326854,0.233648354,0.303875667
Agriculture..forestry..fishing..and.hunting,0.066297161,0.052223665,0.093752724,0.031282602,0.052732515,0.031397464,0.053718551,0.022098777,0.019138982,0.038811058,0.075376858,0.067913137,0.040106926,0.02939893,-0.077837539,0.070757627,0.047179607,0.082958939,0.087903376,0.056546536,0.02969838,0.040578105,0.019568815,0.063162043,0.050060929,0.108352488,0.065340636,0.075831739,-0.02019238,0.055605744,0.044116276,0.061853446,0.054349297,0.066096769,0.049291507,0.096739065,0.018715652,0.046232887,0.028815029,0.048419496,0.034435771,0.019728732,0.022210848,0.097804749,0.047028359,0.046729299,0.008049709,0.118042287,0.05068607,0.055168647,0.035667835,0.050854812,0.03039484,0.021237591,0.174777772,0.099115013,0.389961665,0.019481198,0.029298879,-0.019818521,0.057771613,-0.014266047,0.037508852,-0.002219856,0.083747138,-0.046290506,0.141326854,0.165162047,1,-0.037754354,0.109426763
Other.Services,0.117401037,-0.110044009,0.087841563,0.078911023,0.130297754,0.089285006,0.102549251,0.113542514,0.10889877,0.072678404,0.07948273,0.078447233,0.087120829,0.087967121,0.018993298,0.08958733,0.116474965,0.077537394,0.085364953,0.09865704,0.05124626,0.092345515,0.090517229,0.11696836,0.08091953,0.062050255,0.062146711,0.05554589,0.057857774,0.085930867,0.084912903,0.102388438,0.086295702,0.093297432,0.075175216,0.132661489,0.058735696,0.112997868,0.067795607,0.094370414,0.097398819,0.030446927,0.085385895,0.08931028,0.07540503,0.084681453,0.13802254,0.046454924,0.069631453,0.11937662,0.105509843,0.063768971,0.091984712,0.07683763,0.44371823,0.006702634,0.142458007,0.089515698,0.121483092,0.046921176,0.334661982,0.190484131,0.185413063,0.149372659,0.123860889,0.296725066,0.247210439,1,0.165162047,0.217376354,0.236698033
Information,0.109910381,-0.05379446,0.072546542,0.06224873,0.081745233,0.051606614,0.092817229,0.107229512,0.054116987,0.044711044,0.06452366,0.087518647,0.082841373,0.080606282,0.023092261,0.088103069,0.104164797,0.086252773,0.082355356,0.065835793,0.102708777,0.092299171,0.089448035,0.064442234,0.095211165,0.098142813,0.067950864,0.064837856,0.062732388,0.09981572,0.092321731,0.119948834,0.093562686,0.100086916,0.095108787,0.077464003,0.062803989,0.092529508,0.083925387,0.109993256,0.115076358,0.001745125,0.0734416,0.048799493,0.083538193,0.054578058,0.068603136,0.129916973,0.112986655,0.105516597,0.120652087,0.077989784,0.081065373,0.088361975,0.241028828,-0.010073268,-0.011143607,0.071406484,0.032881475,0.116401346,0.193770949,0.175092602,1,0.120825859,0.116047668,0.085430662,0.142397664,0.185413063,0.037508852,0.105593851,0.108156457
Education.and.Health.Services,0.124618645,0.017556861,0.06280634,0.082783493,0.105193622,0.089034898,0.11802942,0.124558387,0.083619967,0.074508674,0.036636431,0.10695553,0.119599223,0.089748934,0.022414955,0.098340851,0.127413956,0.079347752,0.09072647,0.082237404,0.086584469,0.083689724,0.12158536,0.107469133,0.134124429,0.054448533,0.068902802,0.041241056,0.088555431,0.113363602,0.098557077,0.105183101,0.078032194,0.07658557,0.102028516,0.073286382,0.055729114,0.099642168,0.080000455,0.109432789,0.077898029,0.036919349,0.103214949,0.106950357,0.094608979,0.088416385,0.114104785,0.092101886,0.083052712,0.115400386,0.126465497,0.035540212,0.11118594,0.081168916,0.464822109,0.028880361,0.026780177,0.187404156,0.217562524,0.054888546,0.275902872,0.130193328,0.085430662,0.079791033,0.189510099,1,0.249700267,0.296725066,-0.046290506,0.568115264,0.153952163
Mining..quarrying..and.oil.and.gas.extraction,0.03213569,-0.014729848,0.027085765,0.043491668,0.031228598,0.015957378,0.015643235,0.013463668,-0.000213447,-0.017601029,0.024858034,0.020934566,0.002698861,0.018664137,-0.014679438,0.002737822,0.029156935,0.035124821,0.02572683,0.054942155,-0.011588649,0.002145012,-0.014326622,0.066721458,0.07642837,0.097081771,-0.010202764,0.053479884,-0.050413177,-0.018574614,0.010675145,0.042963934,0.095862503,-0.022664088,0.013029515,0.050336143,0.021944994,0.000302535,0.008752563,0.019768985,0.015800412,0.058533888,0.060540062,0.053841981,-0.031681593,0.048035602,0.01849794,0.020487829,0.08793349,9.23E-05,0.004433427,0.020464265,0.065475605,0.022597459,0.145824822,1,0.121047125,0.090768925,0.077538133,0.049063847,0.074477453,-0.027418399,-0.010073268,-0.026174611,0.055040757,0.028880361,0.16053569,0.006702634,0.099115013,0.041832679,0.171294577
Government.Wage.and.Salary.Workers,0.067142995,-0.052691309,0.024976249,0.06488884,0.040181929,0.064446771,0.058116016,0.080651003,0.026219506,0.041691822,0.018196273,0.047654222,0.044440341,0.051691159,0.069484053,0.058019484,0.058301248,0.038669503,0.038207652,0.048563806,0.011346962,0.040624673,0.078947845,0.025443777,0.102322156,0.02929235,0.006472024,0.011884532,0.076200979,0.070296832,0.05253385,0.050437694,0.043867916,0.032111679,0.064406594,0.043660835,0.073758749,0.087425408,0.069069296,0.083464519,0.062208245,-0.022550986,0.071075052,0.03516651,0.075362242,0.047657121,0.097636075,0.044300237,0.067653849,0.054481102,0.090139305,0.041993684,0.084160079,0.092603448,0.356256239,0.041832679,-0.049690138,0.081910373,0.1488451,-0.064326139,0.252582039,0.27953205,0.105593851,0.160513356,0.11165298,0.568115264,0.233648354,0.217376354,-0.037754354,1,0.057240264
S.P500,-0.230021998,1,-0.200276822,-0.077135893,-0.221977645,-0.161622789,-0.221671053,-0.167481597,-0.208424341,-0.199026692,-0.141023675,-0.172129708,-0.240207248,-0.167255615,-0.007160879,-0.204775556,-0.26537982,-0.243422873,-0.163610096,-0.227359267,-0.034574078,-0.234580745,-0.208264344,-0.20371215,-0.192489166,-0.181397062,-0.058988855,-0.185645708,-0.136933505,-0.175269504,-0.213124072,-0.216799356,-0.180137154,-0.234711692,-0.164155784,-0.219762729,-0.17862643,-0.173780935,-0.160284626,-0.261292917,-0.236186389,-0.090621526,-0.22611347,-0.213076611,-0.128817164,-0.120139246,-0.158441699,-0.200436003,-0.263980449,-0.219258522,-0.150722685,-0.111807732,-0.19058327,-0.114009491,-0.091355711,-0.014729848,-0.023781291,-0.001223716,0.032342031,-0.052017547,-0.073115202,-0.09888974,-0.05379446,0.082319332,-0.117690616,0.017556861,-0.093747316,-0.110044009,0.052223665,-0.052691309,-0.031194173
