Date,1/1/2000,2/1/2000,3/1/2000,4/1/2000,5/1/2000,6/1/2000,7/1/2000,8/1/2000,9/1/2000,10/1/2000,11/1/2000,12/1/2000,1/1/2001,2/1/2001,3/1/2001,4/1/2001,5/1/2001,6/1/2001,7/1/2001,8/1/2001,9/1/2001,10/1/2001,11/1/2001,12/1/2001,1/1/2002,2/1/2002,3/1/2002,4/1/2002,5/1/2002,6/1/2002,7/1/2002,8/1/2002,9/1/2002,10/1/2002,11/1/2002,12/1/2002,1/1/2003,2/1/2003,3/1/2003,4/1/2003,5/1/2003,6/1/2003,7/1/2003,8/1/2003,9/1/2003,10/1/2003,11/1/2003,12/1/2003,1/1/2004,2/1/2004,3/1/2004,4/1/2004,5/1/2004,6/1/2004,7/1/2004,8/1/2004,9/1/2004,10/1/2004,11/1/2004,12/1/2004,1/1/2005,2/1/2005,3/1/2005,4/1/2005,5/1/2005,6/1/2005,7/1/2005,8/1/2005,9/1/2005,10/1/2005,11/1/2005,12/1/2005,1/1/2006,2/1/2006,3/1/2006,4/1/2006,5/1/2006,6/1/2006,7/1/2006,8/1/2006,9/1/2006,10/1/2006,11/1/2006,12/1/2006,1/1/2007,2/1/2007,3/1/2007,4/1/2007,5/1/2007,6/1/2007,7/1/2007,8/1/2007,9/1/2007,10/1/2007,11/1/2007,12/1/2007,1/1/2008,2/1/2008,3/1/2008,4/1/2008,5/1/2008,6/1/2008,7/1/2008,8/1/2008,9/1/2008,10/1/2008,11/1/2008,12/1/2008,1/1/2009,2/1/2009,3/1/2009,4/1/2009,5/1/2009,6/1/2009,7/1/2009,8/1/2009,9/1/2009,10/1/2009,11/1/2009,12/1/2009,1/1/2010,2/1/2010,3/1/2010,4/1/2010,5/1/2010,6/1/2010,7/1/2010,8/1/2010,9/1/2010,10/1/2010,11/1/2010,12/1/2010,1/1/2011,2/1/2011,3/1/2011,4/1/2011,5/1/2011,6/1/2011,7/1/2011,8/1/2011,9/1/2011,10/1/2011,11/1/2011,12/1/2011,1/1/2012,2/1/2012,3/1/2012,4/1/2012,5/1/2012,6/1/2012,7/1/2012,8/1/2012,9/1/2012,10/1/2012,11/1/2012,12/1/2012,1/1/2013,2/1/2013,3/1/2013,4/1/2013,5/1/2013,6/1/2013,7/1/2013,8/1/2013,9/1/2013,10/1/2013,11/1/2013,12/1/2013,1/1/2014,2/1/2014,3/1/2014,4/1/2014,5/1/2014,6/1/2014,7/1/2014,8/1/2014,9/1/2014,10/1/2014,11/1/2014,12/1/2014,1/1/2015,2/1/2015,3/1/2015,4/1/2015,5/1/2015,6/1/2015,7/1/2015,8/1/2015,9/1/2015,10/1/2015,11/1/2015,12/1/2015,1/1/2016,2/1/2016,3/1/2016,4/1/2016,5/1/2016,6/1/2016,7/1/2016,8/1/2016,9/1/2016,10/1/2016,11/1/2016,12/1/2016,1/1/2017,2/1/2017,3/1/2017,4/1/2017,5/1/2017,6/1/2017,7/1/2017,8/1/2017,9/1/2017,10/1/2017,11/1/2017,12/1/2017,1/1/2018,2/1/2018,3/1/2018,4/1/2018,5/1/2018,6/1/2018,7/1/2018,8/1/2018,9/1/2018,10/1/2018,11/1/2018,12/1/2018,1/1/2019,2/1/2019,3/1/2019,4/1/2019,5/1/2019,6/1/2019,7/1/2019,8/1/2019,9/1/2019,10/1/2019,11/1/2019,12/1/2019
ALABAMA,-0.0087,-0.0106,-0.0107,-0.0099,-0.0074,-0.0022,0.0007,0.0019,0.0018,0.0019,0.006,0.0096,0.0101,0.0077,0.0038,0.0022,0.005,0.0129,0.0261,0.0385,0.0441,0.0431,0.0356,0.0243,0.0119,0.0013,-0.0055,-0.0083,-0.0082,-0.0081,-0.0071,-0.0047,-0.0019,-0.0015,-0.0028,-0.0025,0.002,0.0082,0.0128,0.0147,0.0135,0.0109,0.0052,-0.0013,-0.0064,-0.0077,-0.0059,-0.0036,-0.0033,-0.0051,-0.0065,-0.0082,-0.0088,-0.0095,-0.0105,-0.0122,-0.0138,-0.0157,-0.0207,-0.0268,-0.0311,-0.0318,-0.0313,-0.0303,-0.0274,-0.0214,-0.0128,-0.007,-0.0063,-0.0101,-0.0121,-0.0123,-0.0124,-0.0097,-0.0022,0.0055,0.007,0.0029,-0.0018,-0.005,-0.0077,-0.0113,-0.0133,-0.013,-0.0109,-0.0098,-0.0096,-0.0045,0.0045,0.0123,0.0187,0.0238,0.0252,0.0236,0.0168,0.0114,0.0131,0.0203,0.0309,0.0405,0.0464,0.0492,0.0473,0.0477,0.0577,0.0739,0.0877,0.0923,0.0871,0.0753,0.0594,0.043,0.0305,0.0224,0.0177,0.0143,0.0097,0.0043,0.0007,-0.002,-0.0061,-0.0122,-0.0187,-0.0546,-0.0363,-0.0272,-0.0159,-0.0027,0.0086,0.013,0.0099,0.0028,-0.0035,-0.007,-0.0077,-0.006,-0.0035,-0.0045,-0.0098,-0.019,-0.0309,-0.0396,-0.0436,-0.0413,-0.0313,-0.015,0.003,0.0138,0.0147,0.0074,-0.005,-0.0157,-0.02,-0.0198,-0.0163,-0.0124,-0.0099,-0.0125,-0.0158,-0.0159,-0.0116,-0.0041,0.0039,0.0067,0.0055,0.005,0.0054,0.0045,-0.0026,-0.0024,-0.0061,-0.0104,-0.0152,-0.0185,-0.0196,-0.019,-0.0193,-0.0219,-0.0234,-0.0188,-0.0109,-0.0006,0.0055,0.0084,0.0074,0.0027,-0.0025,-0.0058,-0.0073,-0.0064,-0.0045,-0.0043,-0.005,-0.0054,-0.0072,-0.0082,-0.0055,-0.0009,0.0027,0.0047,0.0047,-0.0007,-0.0115,-0.0253,-0.0389,-0.0484,-0.0509,-0.049,-0.0463,-0.0413,-0.0338,-0.028,-0.0233,-0.0173,-0.0096,-0.002,0.0058,0.0108,0.0114,0.0087,0.004,-0.0037,-0.0129,-0.0182,-0.0199,-0.0192,-0.0168,-0.0158,-0.0199,-0.029,-0.038,-0.0443,-0.0459,-0.0413,-0.0323,-0.0218,-0.0121,-0.0056,0.0027,0.0026
ALASKA,0.0006,0.0009,0,0.0001,0.0015,0.0028,0.0038,0.0044,0.0038,0.0015,-0.0025,-0.006,-0.0071,-0.0051,-0.001,0.0028,0.0049,0.0055,0.0052,0.0047,0.0047,0.0068,0.0107,0.0145,0.0167,0.0176,0.0174,0.0164,0.015,0.0121,0.0082,0.0047,0.0033,0.0035,0.0045,0.0066,0.0085,0.009,0.0083,0.0061,0.003,0.0006,-0.0005,-0.0011,-0.0015,-0.0018,-0.0024,-0.0039,-0.005,-0.0062,-0.0077,-0.0084,-0.008,-0.0069,-0.006,-0.0056,-0.0057,-0.0063,-0.0075,-0.0091,-0.0112,-0.0126,-0.0119,-0.0101,-0.0072,-0.0032,0.0012,0.005,0.0066,0.0057,0.0032,0.0001,-0.0038,-0.0077,-0.0101,-0.0103,-0.0091,-0.0077,-0.0059,-0.0043,-0.0039,-0.0049,-0.0066,-0.0084,-0.0085,-0.0063,-0.0032,0.0005,0.0038,0.005,0.004,0.002,0.0011,0.0011,0.0021,0.0042,0.0066,0.0081,0.0088,0.0081,0.0065,0.0051,0.0032,0.0018,0.0022,0.0049,0.0096,0.015,0.0202,0.0236,0.0236,0.0206,0.0165,0.0131,0.0101,0.0068,0.0036,0.0017,0.0013,0.001,0.0001,-0.0015,-0.003,-0.0046,-0.0065,-0.0079,-0.0067,-0.0032,0.0004,0.0022,0.0019,0.0001,-0.0027,-0.0056,-0.0074,-0.0078,-0.0069,-0.0054,-0.003,-0.0004,0.0005,-0.0005,-0.0025,-0.0048,-0.0068,-0.0082,-0.0084,-0.0074,-0.0057,-0.0053,-0.0067,-0.0075,-0.0056,-0.0031,-0.0012,0,0.001,0.0012,0.0004,-0.0013,-0.0022,-0.0011,0.0003,0.0001,-0.0004,0.0004,0.0016,0.0018,0.0007,0.0001,-0.0001,0.0005,0.0001,-0.0023,-0.0055,-0.0091,-0.0131,-0.0155,-0.0152,-0.0118,-0.0072,-0.0016,0.001,0.0009,-0.0004,-0.0006,0.0007,0.0029,0.0051,0.0067,0.0074,0.0076,0.0072,0.0064,0.0057,0.005,0.0044,0.0031,0.0019,0.0015,0.0018,0.0018,0.0017,0.0013,0.0005,-0.0002,-0.0003,-0.0003,-0.0002,-0.0004,-0.0006,-0.0013,-0.0025,-0.0043,-0.0061,-0.0073,-0.0079,-0.0079,-0.0079,-0.0077,-0.0072,-0.0069,-0.0072,-0.0082,-0.0089,-0.0088,-0.0081,-0.0075,-0.006,-0.0034,-0.0004,0.0023,0.0037,0.0039,0.002,-0.0008,-0.0034,-0.0044,-0.0022,-0.0003
ARIZONA,-0.0148,-0.0131,-0.0091,-0.0041,-0.0016,-0.0029,-0.0069,-0.0093,-0.0086,-0.0047,0.0035,0.0124,0.0194,0.023,0.0234,0.0252,0.0296,0.0348,0.0392,0.0413,0.0406,0.0371,0.0314,0.0258,0.0211,0.0173,0.0146,0.0107,0.0066,0.0032,0.001,-0.0007,-0.002,-0.0031,-0.0054,-0.0085,-0.0101,-0.0096,-0.0078,-0.0047,-0.0016,-0.0015,-0.0052,-0.0105,-0.0158,-0.0191,-0.0181,-0.0144,-0.0104,-0.007,-0.005,-0.0071,-0.0116,-0.0157,-0.0181,-0.0185,-0.0157,-0.0096,-0.0032,0.0021,0.0043,0.0023,-0.0026,-0.0073,-0.0107,-0.011,-0.0077,-0.0044,-0.0029,-0.004,-0.0064,-0.0087,-0.0101,-0.0097,-0.0079,-0.0062,-0.0068,-0.0097,-0.0139,-0.0162,-0.0168,-0.0171,-0.0153,-0.0126,-0.0104,-0.0099,-0.0116,-0.0143,-0.0151,-0.0117,-0.0019,0.0135,0.0283,0.0396,0.0435,0.0434,0.0441,0.0453,0.0489,0.0545,0.0588,0.0589,0.0557,0.0509,0.0473,0.0461,0.0463,0.0465,0.0449,0.0419,0.037,0.0315,0.0283,0.0271,0.0258,0.0234,0.0198,0.0146,0.0085,0.0028,-0.0027,-0.0076,-0.0108,-0.0122,-0.0132,-0.0121,-0.0089,-0.0055,-0.0037,-0.0042,-0.0059,-0.0094,-0.011,-0.0082,-0.0039,0,0.0023,0.0006,-0.0053,-0.0124,-0.0186,-0.0218,-0.0213,-0.0168,-0.0115,-0.0086,-0.0053,-0.0041,-0.0061,-0.0101,-0.0142,-0.0161,-0.0148,-0.0113,-0.0062,-0.0018,0.0011,0.0009,-0.0025,-0.0057,-0.0063,-0.0051,-0.0038,-0.005,-0.0081,-0.0098,-0.0123,-0.0151,-0.0182,-0.018,-0.0156,-0.0125,-0.0107,-0.0098,-0.0087,-0.007,-0.0057,-0.0074,-0.0099,-0.0107,-0.0085,-0.0121,-0.012,-0.0115,-0.0101,-0.0082,-0.0065,-0.0063,-0.0088,-0.0123,-0.0146,-0.0159,-0.0153,-0.0125,-0.0094,-0.0067,-0.0049,-0.0048,-0.0067,-0.0084,-0.0079,-0.007,-0.0072,-0.0077,-0.0079,-0.0095,-0.0111,-0.0124,-0.014,-0.014,-0.0113,-0.0073,-0.0031,0.0007,0.0038,0.004,0.0022,-0.0004,-0.0037,-0.0065,-0.0065,-0.0046,-0.0015,0.0036,0.0083,0.0106,0.0098,0.007,0.0033,-0.0008,-0.0032,-0.0052,-0.0068,-0.0077,-0.0099,-0.0127,-0.013,-0.0096,-0.0014,0.0016
ARKANSAS,-0.01,-0.01,-0.0099,-0.009,-0.0085,-0.0063,-0.0025,0.0014,0.0064,0.0112,0.0161,0.0201,0.0222,0.0231,0.0213,0.0174,0.0134,0.0099,0.0086,0.0118,0.0161,0.019,0.0207,0.02,0.016,0.0095,0.0022,-0.0043,-0.009,-0.0109,-0.0098,-0.0061,-0.0004,0.006,0.0106,0.013,0.0149,0.016,0.0159,0.0151,0.014,0.0121,0.0079,0.0023,-0.0035,-0.0071,-0.0085,-0.0081,-0.0065,-0.0046,-0.0032,-0.004,-0.0065,-0.0094,-0.0104,-0.0094,-0.0071,-0.0051,-0.0053,-0.0065,-0.0092,-0.0118,-0.0114,-0.008,-0.0039,-0.0013,-0.0003,-0.0029,-0.008,-0.0126,-0.0131,-0.0092,-0.0025,0.0045,0.0092,0.0112,0.0102,0.0079,0.0047,0.0017,0.0007,-0.0007,-0.0019,-0.0027,-0.0025,-0.0001,0.003,0.0063,0.0095,0.0099,0.0077,0.0043,-0.0025,-0.0108,-0.0185,-0.0228,-0.0212,-0.0155,-0.0062,0.0052,0.0154,0.0242,0.0305,0.036,0.0427,0.0493,0.0529,0.0525,0.0483,0.0413,0.0315,0.02,0.0106,0.0046,0.0023,0.0023,0.0036,0.0058,0.0075,0.0076,0.0049,0.0003,-0.0033,-0.0045,-0.0044,-0.0024,0.0009,0.0046,0.008,0.0094,0.0091,0.0073,0.0055,0.004,0.0017,-0.0009,-0.003,-0.0054,-0.0078,-0.0101,-0.013,-0.0149,-0.0156,-0.0148,-0.0129,-0.0101,-0.0062,-0.0026,-0.0002,0.0008,0,-0.0015,-0.0022,-0.0032,-0.0041,-0.0048,-0.0042,-0.0029,-0.0021,-0.0018,-0.0021,-0.003,-0.0046,-0.0084,-0.0132,-0.0161,-0.0179,-0.0198,-0.0228,-0.0238,-0.0232,-0.0206,-0.0179,-0.0157,-0.0136,-0.0114,-0.0099,-0.0101,-0.0099,-0.0077,-0.0098,-0.0055,-0.009,-0.0155,-0.0228,-0.0288,-0.0323,-0.033,-0.0318,-0.0289,-0.0261,-0.0242,-0.0221,-0.0191,-0.0158,-0.0117,-0.0079,-0.0064,-0.0072,-0.0084,-0.0092,-0.0113,-0.0139,-0.0146,-0.0128,-0.0093,-0.0038,0.0018,0.0052,0.0069,0.0068,0.0044,0.0012,-0.0006,0,0.0007,0.0014,0.001,-0.0022,-0.0073,-0.0106,-0.0114,-0.0102,-0.006,-0.0006,0.0029,0.0031,0.0006,-0.0034,-0.0059,-0.0045,-0.0014,0.0014,0.0032,0.0028,0.0001,-0.0034,-0.0042,-0.0019,0
CALIFORNIA,-0.0008,0.0021,0.0044,0.0055,0.0027,-0.0022,-0.0082,-0.0133,-0.0162,-0.0162,-0.0108,-0.0023,0.0056,0.0116,0.0151,0.0174,0.0207,0.0253,0.0304,0.0354,0.0377,0.0359,0.0308,0.0242,0.0174,0.0117,0.0076,0.0046,0.0023,0.0001,-0.0002,0.0011,0.0038,0.0062,0.0063,0.0042,0.0026,0.002,0.0019,0.0028,0.0041,0.0042,0.0009,-0.0045,-0.0105,-0.0136,-0.0126,-0.0096,-0.0067,-0.0049,-0.0043,-0.0065,-0.0107,-0.0147,-0.0163,-0.0158,-0.0135,-0.0104,-0.0091,-0.0086,-0.01,-0.013,-0.0167,-0.0186,-0.0178,-0.0135,-0.0065,-0.0017,-0.0012,-0.0054,-0.0105,-0.0142,-0.0159,-0.014,-0.0084,-0.0019,0.0007,-0.0006,-0.0045,-0.006,-0.0039,-0.0013,0.0023,0.0059,0.0095,0.0123,0.0126,0.0121,0.0132,0.0148,0.0169,0.0193,0.0193,0.0187,0.0166,0.0146,0.0161,0.02,0.0266,0.0339,0.0394,0.0418,0.0409,0.0391,0.0402,0.0442,0.0484,0.0503,0.0488,0.0444,0.037,0.0283,0.0213,0.017,0.0146,0.0131,0.0118,0.0108,0.0106,0.0104,0.0084,0.005,0.0018,-0.0006,-0.0029,-0.0032,-0.0005,0.0026,0.004,0.0024,-0.0014,-0.0056,-0.0081,-0.0084,-0.0074,-0.0047,-0.0014,-0.0003,-0.0022,-0.0057,-0.0096,-0.0126,-0.0142,-0.0143,-0.013,-0.0107,-0.0078,-0.0069,-0.0085,-0.0118,-0.0156,-0.0174,-0.016,-0.0139,-0.0118,-0.0112,-0.0112,-0.0122,-0.0135,-0.014,-0.0122,-0.0094,-0.0078,-0.0103,-0.015,-0.0171,-0.0169,-0.0158,-0.0155,-0.0168,-0.0164,-0.0153,-0.0156,-0.016,-0.0151,-0.0134,-0.0126,-0.0147,-0.018,-0.0185,-0.0172,-0.0143,-0.0137,-0.0153,-0.0178,-0.0202,-0.0208,-0.0189,-0.0169,-0.014,-0.0102,-0.0085,-0.0087,-0.0083,-0.0079,-0.0063,-0.0036,-0.002,-0.0028,-0.0038,-0.0039,-0.0057,-0.01,-0.0141,-0.0165,-0.0182,-0.0172,-0.0148,-0.0135,-0.0125,-0.0116,-0.0131,-0.0158,-0.0174,-0.0164,-0.0144,-0.0106,-0.0063,-0.0047,-0.0057,-0.0067,-0.0078,-0.0085,-0.005,0.0007,0.0061,0.009,0.008,0.0031,-0.0043,-0.0101,-0.0147,-0.017,-0.0158,-0.0137,-0.0122,-0.0099,-0.0066,-0.0004,0.0015
COLORADO,-0.0214,-0.0185,-0.0119,-0.0032,0.003,0.006,0.005,0.0007,-0.0036,-0.0063,-0.0047,0.003,0.0145,0.027,0.0384,0.0474,0.0545,0.0609,0.0663,0.0706,0.0708,0.0655,0.0564,0.0441,0.0307,0.0187,0.009,0.0029,0.0008,0.0006,0.0013,0.0025,0.0047,0.0077,0.0104,0.0121,0.0133,0.0131,0.0116,0.0086,0.0049,0.0015,-0.0019,-0.0049,-0.0072,-0.0079,-0.0078,-0.008,-0.0088,-0.0105,-0.0122,-0.0137,-0.0139,-0.0125,-0.0088,-0.0052,-0.0032,-0.0023,-0.0019,-0.0015,-0.0022,-0.0039,-0.0066,-0.0095,-0.0126,-0.0148,-0.0144,-0.0118,-0.0093,-0.0098,-0.0121,-0.0145,-0.0158,-0.015,-0.0121,-0.0083,-0.0066,-0.0079,-0.0133,-0.0198,-0.0241,-0.0265,-0.0279,-0.0285,-0.0272,-0.0237,-0.0184,-0.0104,-0.0001,0.01,0.0175,0.0224,0.0233,0.0222,0.02,0.0172,0.0158,0.0167,0.0202,0.0249,0.0303,0.0348,0.0361,0.0347,0.0337,0.0348,0.0376,0.0408,0.0435,0.0448,0.043,0.0381,0.0315,0.0243,0.0185,0.0152,0.014,0.0154,0.0186,0.0207,0.02,0.0167,0.0127,0.0087,0.005,0.0035,0.0049,0.0065,0.0066,0.0042,-0.0009,-0.0054,-0.0092,-0.0129,-0.0152,-0.0142,-0.0105,-0.0064,-0.0033,-0.0012,-0.0004,-0.0007,-0.0016,-0.0037,-0.0051,-0.0042,-0.0027,-0.0024,-0.0036,-0.0061,-0.0096,-0.0119,-0.0119,-0.0115,-0.0114,-0.0117,-0.0115,-0.0111,-0.0112,-0.0121,-0.0121,-0.0122,-0.0136,-0.0179,-0.0232,-0.0262,-0.0259,-0.0244,-0.027,-0.0288,-0.0328,-0.0364,-0.0406,-0.0429,-0.0409,-0.0347,-0.0272,-0.0208,-0.0172,-0.0138,-0.0024,-0.0072,-0.0097,-0.0154,-0.0211,-0.026,-0.0279,-0.0271,-0.0256,-0.0223,-0.0161,-0.0098,-0.0052,-0.0013,-0.0003,-0.0013,-0.0043,-0.0102,-0.0189,-0.026,-0.0282,-0.0297,-0.0331,-0.0343,-0.0311,-0.0244,-0.0141,-0.003,0.0059,0.0137,0.019,0.0179,0.0128,0.0087,0.0076,0.0063,0.0061,0.0087,0.0127,0.0161,0.0174,0.0157,0.0122,0.0102,0.0071,0.0017,-0.0048,-0.0115,-0.0182,-0.0254,-0.0302,-0.0317,-0.0296,-0.0255,-0.0244,-0.0242,-0.0214,-0.0154,-0.0014,0.0027
CONNECTICUT,-0.0225,-0.0387,-0.0439,-0.0388,-0.0327,-0.0299,-0.0296,-0.0235,-0.0096,0.0111,0.0358,0.0561,0.0655,0.0631,0.0519,0.0387,0.028,0.0193,0.0125,0.0067,0.0023,0,0.0017,0.0101,0.0227,0.0349,0.0434,0.0471,0.0479,0.0467,0.0448,0.042,0.0385,0.0344,0.0288,0.0212,0.0141,0.0091,0.0061,0.0045,0.0037,0.003,0.0011,-0.0021,-0.0058,-0.009,-0.0109,-0.0112,-0.0105,-0.0095,-0.0081,-0.0079,-0.0092,-0.0115,-0.0133,-0.0129,-0.0098,-0.005,0.0006,0.0066,0.0109,0.0121,0.0097,0.005,-0.0004,-0.005,-0.008,-0.0102,-0.0125,-0.0146,-0.0166,-0.0188,-0.0203,-0.0191,-0.0144,-0.0072,-0.0008,0.0027,0.0029,0.0014,-0.0004,-0.0029,-0.0046,-0.0046,-0.0028,-0.0001,0.0016,0.0024,0.0041,0.0076,0.0125,0.0174,0.02,0.022,0.0212,0.0179,0.0149,0.0134,0.0155,0.0211,0.0276,0.0323,0.0339,0.0329,0.0306,0.0281,0.0278,0.0299,0.0319,0.0331,0.0319,0.0286,0.0251,0.0219,0.0195,0.0186,0.019,0.0191,0.0181,0.0158,0.0123,0.0079,0.004,0.0011,-0.0007,-0.0004,0.0017,0.004,0.0053,0.0054,0.0039,0.0011,-0.0016,-0.004,-0.0062,-0.008,-0.0092,-0.0105,-0.0117,-0.0125,-0.0135,-0.0136,-0.0121,-0.0091,-0.0052,-0.0006,0.0044,0.0083,0.0095,0.0076,0.0028,-0.0025,-0.006,-0.0081,-0.0092,-0.009,-0.0075,-0.0062,-0.0062,-0.0071,-0.0073,-0.0073,-0.0075,-0.0093,-0.0125,-0.0145,-0.0157,-0.0168,-0.0205,-0.018,-0.0175,-0.0165,-0.0157,-0.0138,-0.0112,-0.0093,-0.0086,-0.0104,-0.0128,-0.0139,-0.0158,-0.0156,-0.0157,-0.0151,-0.014,-0.0125,-0.0091,-0.0047,-0.0019,-0.001,-0.0021,-0.0054,-0.0086,-0.0101,-0.0107,-0.0099,-0.0087,-0.0096,-0.013,-0.016,-0.0162,-0.015,-0.0118,-0.0064,-0.0016,-0.0001,-0.0011,-0.0044,-0.0081,-0.0094,-0.008,-0.0061,-0.0042,-0.0028,-0.0033,-0.0065,-0.0101,-0.0133,-0.0161,-0.0181,-0.0185,-0.0188,-0.0189,-0.0169,-0.0139,-0.0103,-0.0085,-0.0091,-0.011,-0.0129,-0.0124,-0.0097,-0.0051,0.0015,0.0074,0.0088,0.0065,0.0031,-0.0013,-0.001
DELAWARE,0.005,0.0066,0.0102,0.0145,0.0161,0.0136,0.009,0.0064,0.0068,0.0073,0.0045,-0.0037,-0.0158,-0.0285,-0.0383,-0.0415,-0.0347,-0.0193,-0.0012,0.0139,0.0239,0.0295,0.0329,0.035,0.0347,0.0308,0.0229,0.0118,0.0002,-0.0093,-0.0147,-0.0161,-0.0119,-0.0011,0.0122,0.0215,0.0247,0.0223,0.0173,0.0114,0.0046,-0.0021,-0.0077,-0.0119,-0.0169,-0.0227,-0.0259,-0.0233,-0.0158,-0.0066,0.0012,0.0074,0.0118,0.0131,0.0113,0.0084,0.0054,0.0013,-0.0043,-0.0089,-0.009,-0.0039,0.0035,0.0096,0.0134,0.0149,0.0143,0.0104,0.0031,-0.0059,-0.0157,-0.0243,-0.0314,-0.035,-0.0321,-0.0225,-0.0116,-0.0041,-0.0029,-0.0074,-0.013,-0.0163,-0.0139,-0.0077,-0.0002,0.006,0.0067,0.0014,-0.0057,-0.009,-0.0058,0.0046,0.0173,0.0263,0.0285,0.0265,0.0236,0.0224,0.0266,0.0359,0.0467,0.0558,0.0611,0.0626,0.0626,0.0629,0.0627,0.0612,0.0576,0.0513,0.0418,0.0305,0.0199,0.0116,0.0072,0.0059,0.0062,0.007,0.0071,0.0052,0.0013,-0.0032,-0.0068,-0.0089,-0.0096,-0.009,-0.008,-0.0069,-0.0064,-0.0077,-0.01,-0.0125,-0.0143,-0.0146,-0.0135,-0.0108,-0.0073,-0.0047,-0.0042,-0.0057,-0.0083,-0.0104,-0.0107,-0.0089,-0.0056,-0.0017,0.0021,0.0044,0.0051,0.0043,0.003,0.0019,0.0011,0.0002,-0.0009,-0.0025,-0.0076,-0.0063,-0.0092,-0.0126,-0.0159,-0.0184,-0.0196,-0.0195,-0.0177,-0.0143,-0.0107,-0.008,-0.0066,-0.008,-0.0093,-0.0103,-0.0116,-0.0133,-0.0158,-0.0188,-0.0216,-0.0236,-0.0236,-0.0209,-0.0156,-0.0119,-0.0089,-0.0077,-0.0072,-0.0067,-0.0059,-0.0054,-0.0058,-0.0071,-0.0091,-0.011,-0.0114,-0.0098,-0.0072,-0.0047,-0.0026,-0.0011,-0.0001,0.0008,0.0025,0.0043,0.0057,0.006,0.0051,0.0029,0.0006,-0.0019,-0.0053,-0.0081,-0.01,-0.0109,-0.0117,-0.0127,-0.0142,-0.0162,-0.0183,-0.0196,-0.0195,-0.018,-0.0155,-0.0143,-0.0147,-0.0152,-0.0153,-0.0139,-0.0107,-0.0055,0.0001,0.005,0.0092,0.0126,0.0154,0.018,0.0199,0.0183,0.0141,0.0085,-0.0008,-0.0023
DISTRICT OF COLUMBIA,-0.0149,-0.0144,-0.0137,-0.0108,-0.0041,0.0049,0.0128,0.0188,0.0221,0.0221,0.0186,0.0125,0.0077,0.0062,0.0068,0.009,0.0107,0.0122,0.0122,0.0101,0.0071,0.0042,0.0019,0.0011,-0.0001,-0.0025,-0.0051,-0.0079,-0.0099,-0.011,-0.0096,-0.0053,0.001,0.0082,0.0146,0.0175,0.0172,0.0153,0.0125,0.0093,0.0058,0.0024,-0.0011,-0.0042,-0.0058,-0.0046,0.0009,0.0089,0.0168,0.0225,0.0259,0.0267,0.0255,0.0223,0.0182,0.0126,0.0045,-0.0056,-0.0168,-0.026,-0.0315,-0.0342,-0.0359,-0.0372,-0.0387,-0.0395,-0.0381,-0.0332,-0.0243,-0.0137,-0.0035,0.0036,0.0062,0.0062,0.0057,0.0054,0.0047,0.0026,-0.0006,-0.0034,-0.0054,-0.0075,-0.0096,-0.0112,-0.0111,-0.0093,-0.0071,-0.0043,-0.0011,0.0019,0.0031,0.0032,0.0033,0.0043,0.0062,0.0085,0.0109,0.0128,0.0143,0.0152,0.0165,0.0197,0.0256,0.0322,0.0379,0.0417,0.0425,0.0414,0.0389,0.0353,0.0312,0.0282,0.0264,0.0252,0.023,0.0195,0.0146,0.0087,0.0022,-0.0049,-0.0113,-0.0149,-0.0151,-0.0131,-0.0103,-0.0068,-0.0031,0.0002,0.0027,0.0048,0.0075,0.0116,0.0165,0.0205,0.022,0.0199,0.0144,0.0064,-0.002,-0.0087,-0.0124,-0.0132,-0.0123,-0.0116,-0.0126,-0.0155,-0.0185,-0.0197,-0.019,-0.0167,-0.0127,-0.0075,-0.0027,0.0001,0.0009,0.0001,0.0005,-0.0024,-0.0039,-0.0057,-0.0054,-0.0036,-0.0035,-0.006,-0.0094,-0.0119,-0.0129,-0.0125,-0.0085,-0.0098,-0.0074,-0.0048,-0.0042,-0.005,-0.0049,-0.0045,-0.0044,-0.0056,-0.0074,-0.009,-0.0114,-0.0123,-0.0148,-0.017,-0.0178,-0.0166,-0.0141,-0.0113,-0.0091,-0.0079,-0.0082,-0.0106,-0.0135,-0.015,-0.0144,-0.0115,-0.0073,-0.0036,-0.0013,-0.0003,-0.0005,-0.0016,-0.002,-0.0006,0.002,0.0048,0.0066,0.0068,0.0053,0.0022,-0.002,-0.0071,-0.012,-0.0147,-0.0141,-0.0112,-0.007,-0.0034,-0.0011,-0.0011,-0.0033,-0.0061,-0.0082,-0.0061,-0.0003,0.0055,0.0086,0.0086,0.0052,-0.0009,-0.0082,-0.0151,-0.019,-0.0187,-0.0147,-0.0092,-0.0038,0.0005,0.0031,0.0017
FLORIDA,-0.0083,-0.0028,0.0033,0.0087,0.0101,0.0068,-0.0002,-0.0064,-0.0101,-0.0092,-0.0001,0.0133,0.0239,0.0281,0.0265,0.0211,0.0173,0.0187,0.0257,0.0347,0.04,0.1821,0.0243,0.0126,0.0006,-0.0088,-0.0134,-0.0143,-0.0131,-0.0127,-0.0122,-0.011,-0.0082,-0.0053,-0.0044,-0.005,-0.0042,-0.0026,-0.001,0.0012,0.0028,0.001,-0.0059,-0.0156,-0.0246,-0.0279,-0.024,-0.0162,-0.0084,-0.0024,0,-0.0026,-0.0063,-0.0088,-0.0093,-0.009,-0.0088,-0.0095,-0.0124,-0.0157,-0.0206,-0.0264,-0.0319,-0.0356,-0.038,-0.0349,-0.0257,-0.0174,-0.013,-0.0142,-0.0172,-0.0192,-0.0187,-0.0144,-0.0059,0.0039,0.0091,0.0088,0.0051,0.005,0.008,0.0098,0.0116,0.0129,0.0152,0.0186,0.0209,0.0231,0.0271,0.0302,0.0322,0.0336,0.0325,0.0312,0.0283,0.026,0.0272,0.0308,0.0378,0.0456,0.0509,0.0526,0.0507,0.0475,0.0475,0.0516,0.0567,0.0598,0.0593,0.0545,0.0447,0.0329,0.0231,0.0165,0.013,0.012,0.0117,0.011,0.0102,0.0077,0.0023,-0.0036,-0.0073,-0.0084,-0.008,-0.0047,0.001,0.0048,0.0048,0.0007,-0.0059,-0.0123,-0.0157,-0.0154,-0.013,-0.0092,-0.0055,-0.0056,-0.0094,-0.0144,-0.0192,-0.0227,-0.0238,-0.0223,-0.0187,-0.0141,-0.0087,-0.0049,-0.0044,-0.007,-0.0116,-0.0149,-0.0147,-0.0131,-0.0113,-0.0105,-0.0141,-0.0123,-0.0154,-0.0181,-0.0183,-0.0162,-0.0142,-0.0156,-0.0181,-0.0167,-0.0123,-0.0075,-0.0066,-0.0054,-0.0063,-0.0085,-0.012,-0.0146,-0.0146,-0.0126,-0.0108,-0.0117,-0.0141,-0.0143,-0.0128,-0.0098,-0.0084,-0.0092,-0.0109,-0.0128,-0.0134,-0.0129,-0.0137,-0.0146,-0.0142,-0.0146,-0.0152,-0.0142,-0.0125,-0.0089,-0.004,-0.0007,-0.0001,-0.0003,-0.0002,-0.0028,-0.0089,-0.015,-0.0188,-0.0209,-0.0199,-0.0173,-0.0152,-0.0124,-0.0095,-0.0089,-0.01,-0.0111,-0.0107,-0.0115,-0.0126,-0.0132,-0.0146,-0.0172,-0.0198,-0.022,-0.0226,-0.0178,-0.0096,-0.0015,0.0034,0.0041,0.0001,-0.0077,-0.0146,-0.0192,-0.0212,-0.021,-0.0238,-0.0272,-0.0273,-0.0216,-0.0041,0.0028
GEORGIA,-0.0156,-0.0079,0.0005,0.0074,0.0084,0.0029,-0.0098,-0.0217,-0.0257,-0.0222,-0.0087,0.0077,0.0183,0.0218,0.0171,0.0095,0.0082,0.0169,0.0325,0.047,0.0539,0.0524,0.0439,0.0321,0.0206,0.0101,0.0028,-0.0025,-0.0069,-0.0105,-0.0097,-0.0044,0.0022,0.0063,0.0062,0.0027,0.0004,0.0011,0.0028,0.0038,0.0028,-0.0019,-0.0129,-0.0257,-0.0354,-0.0369,-0.0296,-0.0168,-0.0023,0.0098,0.0203,0.0252,0.0237,0.0184,0.0145,0.0118,0.0122,0.0163,0.0197,0.0219,0.0192,0.0122,0.0018,-0.0061,-0.0074,-0.0033,0.0028,0.0048,0.0011,-0.0086,-0.0191,-0.0268,-0.0287,-0.0232,-0.0117,-0.0012,0.0018,-0.0002,-0.0054,-0.0092,-0.0125,-0.0174,-0.0201,-0.0201,-0.0167,-0.0098,-0.0025,0.0048,0.0124,0.0164,0.0176,0.0183,0.0181,0.019,0.0189,0.02,0.0234,0.0259,0.0286,0.0312,0.0325,0.0328,0.0326,0.0337,0.0728,0.0592,0.0597,0.059,0.0545,0.0477,0.0376,0.0267,0.0183,0.0136,0.0117,0.0106,0.0093,0.0071,0.0047,0.0024,-0.0018,0.0138,-0.0045,-0.0093,-0.0095,-0.0057,0.0012,0.0078,0.0102,0.0077,0.002,-0.0044,-0.0084,-0.0091,-0.0077,-0.0039,0.0015,0.0036,0.0009,-0.0043,-0.01,-0.0136,-0.015,-0.0144,-0.0125,-0.0095,-0.006,-0.0055,-0.0081,-0.0118,-0.0149,-0.0152,-0.012,-0.0087,-0.0059,-0.0047,-0.0052,-0.0056,-0.0082,-0.0112,-0.0122,-0.0117,-0.011,-0.0133,-0.0171,-0.0175,-0.0158,-0.0134,-0.0124,-0.0115,-0.0078,-0.0033,-0.0027,-0.0056,-0.0104,-0.0155,-0.0196,-0.0238,-0.0257,-0.0221,-0.0124,-0.0089,-0.0075,-0.0095,-0.0127,-0.0158,-0.0169,-0.016,-0.0154,-0.0138,-0.0106,-0.009,-0.0099,-0.0102,-0.0104,-0.009,-0.005,-0.0005,0.0024,0.0041,0.0049,0.0017,-0.0058,-0.0132,-0.0179,-0.0213,-0.0221,-0.0212,-0.0214,-0.0206,-0.0181,-0.0163,-0.0153,-0.0141,-0.012,-0.0121,-0.0126,-0.0125,-0.0132,-0.0157,-0.0173,-0.0182,-0.0181,-0.0131,-0.0058,0.0003,0.0027,0.0014,-0.0036,-0.0111,-0.0161,-0.0182,-0.0184,-0.0185,-0.0226,-0.028,-0.0299,-0.0238,-0.0043,0.0033
HAWAII,-0.0253,-0.0251,-0.024,-0.0204,-0.0156,-0.013,-0.0128,-0.0144,-0.0151,-0.0142,-0.0078,0.0025,0.0126,0.0198,0.0197,0.0088,-0.0022,-0.0006,0.0145,0.034,0.0475,0.0489,0.0362,0.0134,-0.0126,-0.0363,-0.0498,-0.0469,-0.0356,-0.0287,-0.0273,-0.0279,-0.0269,-0.0226,-0.014,-0.0025,0.0109,0.0234,0.0294,0.0295,0.0253,0.018,0.0086,-0.0018,-0.0132,-0.0208,-0.0247,-0.0261,-0.0272,-0.0295,-0.0309,-0.0316,-0.0303,-0.0246,-0.017,-0.0104,-0.005,-0.0042,-0.0078,-0.0128,-0.0185,-0.0228,-0.0243,-0.0225,-0.0168,-0.0088,-0.0008,0.0021,-0.0017,-0.0082,-0.0112,-0.009,-0.0017,0.0078,0.013,0.01,-0.0011,-0.0169,-0.034,-0.0439,-0.041,-0.0265,-0.0063,0.0118,0.0215,0.023,0.02,0.0168,0.0153,0.016,0.022,0.0294,0.0323,0.0282,0.0206,0.0158,0.0172,0.0247,0.0358,0.0478,0.0575,0.0627,0.0631,0.0617,0.0622,0.065,0.0672,0.0659,0.0604,0.0505,0.0377,0.0248,0.0139,0.0059,0.001,-0.001,-0.0021,-0.0037,-0.0057,-0.0084,-0.0109,-0.0111,-0.0087,-0.005,-0.0016,0.0017,0.0027,0.0011,-0.0015,-0.0044,-0.0075,-0.0089,-0.0078,-0.0056,-0.0026,0.0011,0.0046,0.0069,0.0076,0.0064,0.0028,-0.0012,-0.0043,-0.0075,-0.0109,-0.0131,-0.0153,-0.0185,-0.0223,-0.0265,-0.03,-0.0318,-0.0311,-0.0286,-0.0248,-0.02,-0.016,-0.0141,-0.0132,-0.0123,-0.0106,-0.0073,-0.0029,-0.0001,0.0007,-0.001,-0.0046,-0.009,-0.0135,-0.0148,-0.0135,-0.0115,-0.0119,-0.0141,-0.016,-0.0165,-0.0155,-0.0136,-0.0118,-0.011,-0.0119,-0.0154,-0.0211,-0.0246,-0.0249,-0.0234,-0.0218,-0.0213,-0.0228,-0.0248,-0.0251,-0.0225,-0.0174,-0.0097,-0.0029,-0.0012,-0.0025,-0.0055,-0.0104,-0.0138,-0.0142,-0.0139,-0.0144,-0.0152,-0.0166,-0.0191,-0.0218,-0.0244,-0.0273,-0.0289,-0.0268,-0.0227,-0.0166,-0.0083,-0.0007,0.0037,0.006,0.0084,0.011,0.0148,0.0195,0.0246,0.0278,0.0279,0.0249,0.0192,0.0127,0.0063,0.0011,-0.003,-0.0043,-0.0027,-0.0003,0.0004,-0.0031,-0.0071,-0.0105,-0.0106,-0.004,0.0002
IDAHO,-0.01,-0.0052,-0.0004,0.0037,0.0068,0.0085,0.0107,0.0105,0.0067,0.0013,-0.0025,-0.003,-0.0001,0.0048,0.0095,0.0131,0.0148,0.0146,0.012,0.0108,0.0135,0.0176,0.0211,0.0208,0.0162,0.0089,0.0005,-0.0073,-0.0133,-0.015,-0.0112,-0.0044,0.0008,0.0037,0.0048,0.0063,0.008,0.009,0.0099,0.0093,0.0066,0.0017,-0.0046,-0.0099,-0.0134,-0.0145,-0.0153,-0.017,-0.0178,-0.0178,-0.0175,-0.0145,-0.0091,-0.0042,-0.0012,-0.0021,-0.0074,-0.0176,-0.0289,-0.0355,-0.0355,-0.0275,-0.0154,-0.0049,0.0006,0.0004,-0.0089,-0.021,-0.0261,-0.0227,-0.0132,-0.0048,-0.002,-0.005,-0.0107,-0.017,-0.0233,-0.0254,-0.0209,-0.0146,-0.0123,-0.0129,-0.016,-0.0197,-0.0228,-0.0247,-0.0234,-0.0162,-0.0014,0.0133,0.0276,0.0335,0.0253,0.0079,-0.01,-0.023,-0.0262,-0.019,-0.0046,0.3655,0.1074,0.0451,0.0284,0.0261,0.033,0.043,0.0486,0.0474,0.0412,0.0302,0.0153,-0.0002,0.1829,0.0386,-0.0016,-0.0111,-0.0114,-0.0092,-0.0059,-0.003,-0.003,-0.0039,-0.0046,-0.0051,-0.0056,-0.0053,-0.0049,-0.0049,-0.0045,-0.004,-0.0034,-0.003,-0.003,-0.0038,-0.0052,-0.0069,-0.009,-0.0113,-0.0132,-0.0143,-0.0144,-0.0139,-0.013,-0.0117,-0.0102,-0.0095,-0.0096,-0.0103,-0.0114,-0.013,-0.0143,-0.0153,-0.0166,-0.0181,-0.0193,-0.0198,0.0184,-0.0178,-0.0164,-0.0151,-0.0133,-0.0123,-0.0142,-0.0186,-0.0232,-0.0264,-0.0281,-0.028,-0.0189,-0.0217,-0.0207,-0.0193,-0.0183,-0.0175,-0.0166,-0.0156,-0.0144,-0.0132,-0.0121,-0.0104,-0.0737,-0.0002,-0.0007,-0.0016,-0.0022,-0.0028,-0.0031,-0.0032,-0.004,-0.0055,-0.0066,-0.0078,-0.0085,-0.0084,-0.0082,-0.0074,-0.0065,-0.0063,-0.0076,-0.01,-0.0126,-0.0149,-0.0172,-0.0189,-0.0196,-0.0194,-0.0181,-0.0163,-0.0145,-0.0122,-0.0096,-0.0076,-0.007,-0.0076,-0.0081,-0.0083,-0.0082,-0.0078,-0.0083,-0.0095,-0.0107,-0.0111,-0.0098,-0.0053,0.0012,0.0071,0.0101,0.0097,0.0068,0.0031,0.0006,-0.0007,-0.0015,-0.0021,-0.0042,-0.0068,-0.0084,-0.0072,-0.0018,0.0007
ILLINOIS,-0.006,-0.0006,0.0037,0.0079,0.007,0.0029,-0.0005,0,0.0039,0.0103,0.0211,0.0308,0.0342,0.0296,0.0189,0.0082,0.0029,0.0047,0.0121,0.0243,0.0356,0.0401,0.0379,0.0322,0.025,0.0191,0.0147,0.0092,0.0038,-0.0011,-0.0044,-0.0057,-0.0037,0.0011,0.0041,0.0034,0.003,0.0031,0.0044,0.009,0.0137,0.0145,0.0096,0.0008,-0.0105,-0.019,-0.0214,-0.0183,-0.0138,-0.01,-0.0068,-0.0072,-0.0088,-0.0083,-0.0056,-0.0036,-0.0022,-0.0021,-0.0041,-0.0051,-0.0059,-0.0063,-0.0088,-0.0114,-0.0131,-0.0132,-0.0092,-0.0053,-0.0059,-0.0123,-0.0198,-0.027,-0.0335,-0.0366,-0.0327,-0.0238,-0.0178,-0.0156,-0.0168,-0.0139,-0.0042,0.0038,0.0086,0.0112,0.0141,0.0159,0.014,0.012,0.0143,0.0187,0.0226,0.0252,0.0233,0.02,0.0129,0.0046,0.0034,0.0076,0.0169,0.0269,0.0331,0.0339,0.0309,0.0262,0.0268,0.0358,0.0501,0.0624,0.0668,0.0644,0.0554,0.0422,0.0304,0.0213,0.0153,0.0132,0.0138,0.0142,0.0141,0.0114,0.004,-0.0059,-0.015,-0.0218,-0.0266,-0.026,-0.02,-0.0134,-0.0095,-0.0093,-0.0117,-0.0131,-0.0103,-0.0047,0.0021,0.0102,0.0172,0.0186,0.0139,0.0055,-0.0052,-0.0156,-0.0237,-0.0275,-0.0256,-0.0178,-0.0064,0.0021,0.0053,0.0032,-0.0018,-0.0042,-0.0018,0.0028,0.0074,0.0094,0.0089,0.0058,0.0003,-0.0044,-0.0056,-0.004,-0.0023,-0.0055,-0.0117,-0.0153,-0.0174,-0.0199,-0.0246,-0.0292,-0.0319,-0.0327,-0.0336,-0.0333,-0.0306,-0.026,-0.0224,-0.0231,-0.0246,-0.0213,-0.0139,-0.0062,-0.0012,-0.0005,-0.0032,-0.0065,-0.007,-0.0042,-0.0006,0.0045,0.0107,0.0129,0.01,0.004,-0.0044,-0.0108,-0.0131,-0.0138,-0.0145,-0.0126,-0.0087,-0.0094,-0.0162,-0.0234,-0.0266,-0.0266,-0.0206,-0.0116,-0.0045,0.0007,0.0028,-0.0025,-0.0117,-0.0193,-0.0238,-0.0265,-0.0234,-0.0147,-0.007,-0.0043,-0.0036,-0.0052,-0.0073,-0.0049,-0.0004,0.0049,0.0096,0.0104,0.0042,-0.0062,-0.0147,-0.0202,-0.0232,-0.0236,-0.0248,-0.0254,-0.0225,-0.0167,-0.0023,0.0027
INDIANA,0.0024,0.0032,0.0076,0.0084,-0.0008,-0.0168,-0.0351,-0.042,-0.0321,-0.0092,0.0224,0.0488,0.0602,0.0563,0.043,0.0302,0.0261,0.0309,0.041,0.0511,0.0555,0.0522,0.0422,0.0296,0.0171,0.0059,-0.0023,-0.0083,-0.0125,-0.0149,-0.0149,-0.0139,-0.0112,-0.0067,-0.0032,-0.0014,0.0019,0.0083,0.0166,0.0236,0.0266,0.0224,0.0116,-0.0007,-0.0123,-0.0182,-0.0164,-0.0093,-0.0021,0.0023,0.0038,0.002,-0.0002,0.0003,0.0036,0.0074,0.0122,0.0161,0.0159,0.0128,0.006,-0.0031,-0.013,-0.0181,-0.0171,-0.0099,0.0023,0.0097,0.008,-0.0017,-0.0129,-0.0198,-0.0206,-0.0146,-0.003,0.0078,0.011,0.0068,-0.003,-0.0107,-0.0136,-0.017,-0.0191,-0.0209,-0.0204,-0.0184,-0.0176,-0.0147,-0.0073,0.0016,0.0095,0.0141,0.0121,0.009,0.0041,-0.0004,0.0013,0.0098,0.0251,0.0393,0.0474,0.0485,0.0463,0.0472,0.0546,0.0669,0.0774,0.0815,0.0781,0.0673,0.0501,0.0311,0.016,0.0059,0.0004,-0.0012,0.0006,0.0045,0.0097,0.0128,0.0103,0.0035,-0.0041,-0.0111,-0.0173,-0.0192,-0.0167,-0.0135,-0.0123,-0.015,-0.0209,-0.0261,-0.0263,-0.0209,-0.0111,0.001,0.012,0.0172,0.0154,0.0083,-0.0024,-0.0131,-0.0216,-0.0261,-0.0259,-0.0206,-0.0115,-0.0033,0.0012,0.0007,-0.0023,-0.0026,0.0009,0.0046,0.0061,0.0042,0.0073,-0.0057,-0.0135,-0.0202,-0.0225,-0.021,-0.0196,-0.0248,-0.0335,-0.0374,-0.0357,-0.03,-0.0206,-0.0185,-0.012,-0.0081,-0.0098,-0.0136,-0.0155,-0.0123,-0.0083,-0.0103,-0.0163,-0.0214,-0.0236,-0.0246,-0.0254,-0.0257,-0.0252,-0.0243,-0.0215,-0.0169,-0.0121,-0.004,0.0066,0.0127,0.0122,0.0077,-0.0001,-0.0077,-0.0135,-0.0187,-0.0228,-0.0222,-0.0161,-0.0132,-0.0185,-0.0266,-0.0328,-0.0378,-0.0347,-0.0236,-0.0096,0.004,0.0114,0.006,-0.0078,-0.0208,-0.0251,-0.0208,-0.0069,0.011,0.0214,0.02,0.0133,0.0044,-0.0036,-0.0039,0.0001,0.0049,0.008,0.0063,-0.0012,-0.0106,-0.0169,-0.0203,-0.0211,-0.019,-0.015,-0.0113,-0.0069,-0.0031,0.0011,0.0015
IOWA,-0.0043,0.0066,0.0118,0.0137,0.0149,0.0186,0.0227,0.0237,0.0212,0.0201,0.0239,0.0263,0.0257,0.0234,0.0183,0.012,0.0068,0.0055,0.0102,0.0195,0.0285,0.033,0.0328,0.0287,0.0217,0.0143,0.0088,0.0049,0.0023,0.0007,-0.0003,0.0007,0.0038,0.0077,0.0125,0.0175,0.0218,0.0235,0.0221,0.018,0.0123,0.0056,-0.0007,-0.0058,-0.0094,-0.0098,-0.0087,-0.0068,-0.0037,-0.0011,0.0014,0.0042,0.0068,0.0089,0.0085,0.0058,0.0023,-0.0013,-0.005,-0.0076,-0.0101,-0.0113,-0.0113,-0.0115,-0.0115,-0.0109,-0.006,-0.0007,-0.0004,-0.0055,-0.014,-0.0231,-0.0306,-0.0332,-0.0284,-0.0159,-0.0016,0.0092,0.0116,0.0073,0.0034,-0.0008,-0.0033,-0.0035,-0.0012,0.0013,0.0005,-0.0024,-0.0038,-0.0028,0.0005,0.0046,0.0055,0.0024,-0.0018,-0.005,-0.0043,0.0022,0.0133,0.0242,0.0297,0.0297,0.0267,0.0273,0.0348,0.0478,0.06,0.0665,0.0657,0.0576,0.0444,0.0279,0.0131,0.0028,-0.0031,-0.006,-0.0076,-0.0069,-0.0055,-0.0047,-0.0065,-0.0105,-0.0146,-0.0156,-0.0146,-0.0123,-0.0075,-0.003,-0.0002,-0.0011,-0.0046,-0.0085,-0.0108,-0.0112,-0.0104,-0.008,-0.0043,-0.001,0.0005,-0.0004,-0.0034,-0.0074,-0.0123,-0.0165,-0.019,-0.0171,-0.011,-0.0052,-0.001,0.0007,-0.0012,-0.0038,-0.0054,-0.0067,-0.0048,-0.0015,0.0009,0.0009,-0.002,-0.0058,-0.0099,-0.0126,-0.014,-0.0155,-0.0163,-0.0133,-0.0094,-0.0065,-0.0068,-0.007,-0.0072,-0.0074,-0.0083,-0.0094,-0.0091,-0.0073,-0.0074,-0.0098,-0.0136,-0.0153,-0.0167,-0.0125,-0.0101,-0.0092,-0.0088,-0.0082,-0.007,-0.0059,-0.0038,-0.0017,-0.0007,-0.0017,-0.0036,-0.0033,-0.0007,0.0027,0.0051,0.0042,-0.0003,-0.0055,-0.0095,-0.0134,-0.0168,-0.0186,-0.0185,-0.0184,-0.0174,-0.0146,-0.0127,-0.0116,-0.0117,-0.015,-0.0193,-0.0216,-0.0198,-0.0172,-0.0151,-0.0133,-0.0142,-0.0181,-0.0203,-0.02,-0.0165,-0.0082,-0.0005,0.0079,0.0147,0.0174,0.0166,0.0127,0.0089,0.0043,0.0001,-0.0005,0.0032,0.0075,0.0113,0.0097,0.0019,-0.0008
KANSAS,0.0105,0.0118,0.0106,0.0087,0.0083,0.0107,0.011,0.0116,0.0148,0.0176,0.018,0.0153,0.0119,0.0092,0.0068,0.0053,0.0053,0.0084,0.014,0.0212,0.0271,0.0305,0.0315,0.0297,0.024,0.0172,0.011,0.0052,0.0019,0.0012,0.0017,0.0019,0.0009,-0.0003,-0.0007,0.0001,0.004,0.0112,0.0185,0.0233,0.0235,0.0185,0.0114,0.0039,-0.0023,-0.0044,-0.0035,-0.0014,-0.0001,-0.0024,-0.0055,-0.0076,-0.0085,-0.0081,-0.0075,-0.0066,-0.0046,-0.0032,-0.0024,-0.0023,-0.0035,-0.0058,-0.0094,-0.0134,-0.0162,-0.0153,-0.0105,-0.006,-0.0049,-0.0071,-0.0105,-0.0146,-0.0183,-0.0197,-0.0172,-0.0125,-0.0084,-0.0056,-0.0046,-0.004,-0.0025,-0.0021,-0.0036,-0.0049,-0.0042,-0.0033,-0.0039,-0.0046,-0.0033,-0.0019,0.0021,0.0077,0.0092,0.0076,0.0032,-0.003,-0.007,-0.0075,-0.0024,0.0067,0.0165,0.0243,0.0273,0.0281,0.0314,0.0357,0.0406,0.0468,0.0504,0.0528,0.0511,0.0446,0.0355,0.0242,0.0127,0.0033,-0.0028,-0.0043,-0.0019,0.0008,0.0016,-0.0008,-0.0052,-0.0085,-0.0107,-0.0084,-0.0037,0.0003,0.003,0.0034,0.0008,-0.0035,-0.0074,-0.0115,-0.015,-0.0165,-0.0148,-0.0116,-0.0078,-0.0051,-0.0059,-0.009,-0.0122,-0.0148,-0.016,-0.0145,-0.011,-0.0092,-0.0091,-0.0098,-0.0102,-0.0078,-0.0032,0,0.0005,-0.0011,-0.0022,-0.0065,-0.0081,-0.0077,-0.0067,-0.0065,-0.0083,-0.0143,-0.02,-0.0209,-0.0188,-0.0155,-0.012,-0.011,-0.0104,-0.0107,-0.0121,-0.0139,-0.0149,-0.0138,-0.0118,-0.0107,-0.0072,-0.0008,0.0053,0.0071,0.0044,-0.0028,-0.0118,-0.0189,-0.0219,-0.0203,-0.0158,-0.0088,-0.0022,0,-0.0004,-0.0002,0.0017,0.0056,0.0098,0.012,0.011,0.0072,0.0015,-0.0074,-0.0171,-0.0228,-0.0234,-0.0219,-0.0167,-0.0093,-0.0042,-0.0025,-0.0035,-0.0068,-0.0106,-0.0122,-0.0116,-0.0112,-0.0096,-0.0075,-0.0087,-0.0123,-0.0133,-0.0125,-0.0103,-0.0048,0.0014,0.0063,0.0078,0.0057,0.0004,-0.0061,-0.0103,-0.0131,-0.0141,-0.0106,-0.0037,0.0021,0.0059,0.0066,0.0025,0.0004
KENTUCKY,-0.0138,-0.0104,-0.0056,-0.0024,-0.0017,0.0007,0.0051,0.0102,0.0127,0.0123,0.0161,0.0209,0.0222,0.0212,0.0198,0.019,0.02,0.0232,0.0281,0.0339,0.0361,0.032,0.0212,0.0081,-0.0029,-0.0116,-0.0166,-0.0153,-0.0096,-0.0042,0.0012,0.0056,0.0106,0.0147,0.0157,0.0144,0.0138,0.0151,0.0149,0.0124,0.009,0.0051,-0.0009,-0.0087,-0.0167,-0.0216,-0.0212,-0.0179,-0.0144,-0.0115,-0.0081,-0.0072,-0.0098,-0.0141,-0.0185,-0.0187,-0.013,-0.0029,0.0081,0.0184,0.025,0.0263,0.023,0.0165,0.0089,0.0047,0.0062,0.0086,0.0086,0.0054,0.0005,-0.0055,-0.0122,-0.0163,-0.0159,-0.0101,-0.0029,0.0018,0.0019,-0.0005,-0.0023,-0.0046,-0.0069,-0.0092,-0.0107,-0.0122,-0.014,-0.0141,-0.0098,-0.0031,0.0058,0.0138,0.0123,0.0048,-0.0033,-0.0084,-0.0057,0.0038,0.0178,0.0324,0.0419,0.0433,0.0388,0.0359,0.0412,0.0518,0.0616,0.0674,0.0674,0.0611,0.0493,0.0337,0.019,0.0082,0.0007,-0.0045,-0.0057,-0.0031,0.0008,0.0036,0.002,-0.0033,-0.0097,-0.0146,-0.0173,-0.0147,-0.0072,0.0008,0.0048,0.0035,-0.001,-0.0068,-0.0111,-0.012,-0.0107,-0.0074,-0.003,-0.0011,-0.0025,-0.0062,-0.0127,-0.0196,-0.026,-0.0301,-0.0296,-0.024,-0.0135,-0.0021,0.0054,0.007,0.0037,-0.0002,-0.0029,-0.0048,-0.0044,-0.0029,-0.0003,0.0021,0.0023,0.0005,-0.0005,-0.0002,-0.0011,-0.0058,-0.0106,-0.0125,-0.0133,-0.0139,-0.0175,-0.0204,-0.0246,-0.0287,-0.0344,-0.0391,-0.0396,-0.0355,-0.0306,-0.0274,-0.0238,-0.0184,-0.0124,-0.0076,-0.0048,-0.0052,-0.0069,-0.0083,-0.007,-0.0025,0.0026,0.0064,0.0068,0.0034,-0.002,-0.0084,-0.0141,-0.0145,-0.0095,-0.0033,0.001,0.0047,0.0082,0.009,0.0071,0.0035,-0.0004,-0.0034,-0.0042,-0.0054,-0.0088,-0.0123,-0.0158,-0.0216,-0.0269,-0.0288,-0.0261,-0.0194,-0.0102,-0.002,0.0015,0.0023,0.0032,0.0018,-0.0007,-0.002,-0.0039,-0.0056,-0.0061,-0.0063,-0.0054,-0.0024,0.0029,0.0063,0.0053,0.004,0.003,0.0015,0.001,0.001,0.0003,0.0001
LOUISIANA,-0.0031,0.0008,0.0041,0.0062,0.0055,0.0069,0.0113,0.0171,0.0206,0.0197,0.0175,0.0132,0.0053,-0.0043,-0.0141,-0.0199,-0.0175,-0.007,0.0087,0.0247,0.0342,0.034,0.0251,0.0127,0.0015,-0.0059,-0.0085,-0.0079,-0.0059,-0.0034,0.0003,0.0035,0.0062,0.0089,0.0104,0.0095,0.0094,0.0115,0.0139,0.015,0.0127,0.0055,-0.0065,-0.0187,-0.028,-0.0312,-0.0264,-0.0157,-0.0043,0.0041,0.0067,0.0028,-0.0035,-0.0069,-0.0061,-0.0046,-0.0025,-0.0002,-0.0006,-0.0026,-0.0063,-0.0093,-0.0052,0.0013,0.0016,-0.0093,-0.0237,-0.0302,0.5222,-0.0054,-0.0035,-0.7385,-0.3004,-0.0134,-0.0305,-0.0458,-0.0459,-0.0274,-0.0042,0.0059,0.0091,0.0085,0.0047,0.0003,-0.0015,0.0015,0.0047,0.0042,-0.0018,-0.0121,-0.0182,-0.0144,-0.0076,0.0011,0.0072,0.0083,0.0077,0.0064,0.0066,0.0137,0.027,0.0414,0.0492,0.0489,0.0445,0.0378,0.0306,0.0252,0.0225,0.0242,0.0276,0.0275,0.0241,0.0197,0.0152,0.0123,0.0103,0.0085,0.0089,0.0113,0.0129,0.0117,0.0106,0.0112,0.0117,0.0132,0.0159,0.0162,0.0138,0.0094,0.0033,-0.0032,-0.0081,-0.0107,-0.0127,-0.0138,-0.0119,-0.0099,-0.0088,-0.0074,-0.0062,-0.0051,-0.0048,-0.0055,-0.006,-0.005,-0.0031,-0.004,-0.0089,-0.017,-0.0251,-0.0264,-0.0181,-0.0048,0.0089,0.0182,0.0203,0.0153,0.0052,-0.0059,-0.014,-0.0175,-0.0188,-0.0247,-0.0338,-0.0376,-0.0359,-0.0286,-0.0157,-0.0052,0.0111,0.0261,0.0336,0.0351,0.0333,0.0294,0.0228,0.0125,0.0016,-0.0063,-0.0106,-0.0138,-0.0175,-0.021,-0.0221,-0.0206,-0.0169,-0.011,-0.0053,0,0.0044,0.0054,0.0035,0.0013,-0.0012,-0.0019,-0.0009,-0.0007,-0.0013,-0.0019,-0.0026,-0.0055,-0.0103,-0.0141,-0.0168,-0.0206,-0.0234,-0.0252,-0.0277,-0.0279,-0.0254,-0.0234,-0.0214,-0.0175,-0.0108,-0.0031,0.0073,0.0177,0.0222,0.0192,0.0125,0.0031,-0.0071,-0.0118,-0.0111,-0.0088,-0.0086,-0.0109,-0.0153,-0.0189,-0.0166,-0.0092,0.0021,0.016,0.0315,0.0371,0.0333,0.0244,0.0037,-0.0029
MAINE,-0.0213,-0.0233,-0.0229,-0.0206,-0.0166,-0.01,-0.004,-0.0025,-0.0024,-0.004,-0.0035,0.0033,0.0145,0.0269,0.0357,0.0371,0.0335,0.0262,0.0175,0.0125,0.0093,0.0068,0.0057,0.0038,0.0037,0.006,0.0088,0.0109,0.0097,0.0068,0.005,0.0053,0.0099,0.0168,0.0227,0.0259,0.0245,0.0194,0.0124,0.0059,0.0019,0.0001,-0.0005,-0.0007,-0.0022,-0.004,-0.0066,-0.0108,-0.0146,-0.0183,-0.0195,-0.0168,-0.011,-0.0033,0.0042,0.0098,0.0131,0.0138,0.013,0.0126,0.0117,0.0096,0.0065,0.0027,-0.0003,-0.0021,-0.0031,-0.0047,-0.0077,-0.0118,-0.0165,-0.0206,-0.0211,-0.016,-0.0067,0.0034,0.0106,0.0142,0.0136,0.0086,0.0012,-0.0072,-0.013,-0.0134,-0.01,-0.0041,0.0025,0.0088,0.0141,0.0165,0.0157,0.0136,0.0098,0.0046,-0.0004,-0.0043,-0.0046,-0.0004,0.0071,0.0157,0.0226,0.0281,0.0327,0.0382,0.0454,0.0534,0.0589,0.0592,0.0547,0.0455,0.0331,0.0202,0.0092,0.0014,-0.0025,-0.0036,-0.0026,-0.0005,0.0014,0.002,0.0005,-0.0017,-0.0029,-0.0033,-0.0031,-0.0019,-0.0001,0.001,0.001,-0.0003,-0.0018,-0.0021,-0.0016,-0.0019,-0.0029,-0.0037,-0.0041,-0.0049,-0.0061,-0.0066,-0.0064,-0.0052,-0.0038,-0.0031,-0.0028,-0.0022,-0.0018,-0.0027,-0.0043,-0.0063,-0.0082,-0.0093,-0.0089,-0.0081,-0.0072,-0.0069,-0.0077,-0.0097,-0.0124,-0.0145,-0.0157,-0.0154,-0.0143,-0.0139,-0.0134,-0.0126,-0.0113,-0.0099,-0.0149,-0.0133,-0.0143,-0.0152,-0.0157,-0.0157,-0.0155,-0.0152,-0.0155,-0.0172,-0.0201,-0.0231,-0.0253,-0.0254,-0.0254,-0.0254,-0.0254,-0.025,-0.0239,-0.0218,-0.0191,-0.0155,-0.0113,-0.0085,-0.0076,-0.0077,-0.0081,-0.0081,-0.0074,-0.0064,-0.0058,-0.0059,-0.0068,-0.0089,-0.0119,-0.0136,-0.0128,-0.0106,-0.0076,-0.0054,-0.0054,-0.0072,-0.0103,-0.0142,-0.0174,-0.0182,-0.0157,-0.011,-0.0051,0.0018,0.0078,0.0113,0.0122,0.0102,0.0064,0.0032,0.0007,-0.0013,-0.0028,-0.0045,-0.0079,-0.0137,-0.0201,-0.0245,-0.0251,-0.0204,-0.0103,0.0007,0.0086,0.0102,0.005,0.0005
MARYLAND,0.0043,0.0115,0.017,0.0205,0.0197,0.0148,0.008,0.0018,-0.0038,-0.0084,-0.009,-0.0072,-0.0042,0.0006,0.0058,0.0121,0.0212,0.0312,0.0379,0.0408,0.039,0.0316,0.0214,0.011,0.0026,-0.0033,-0.0069,-0.0096,-0.0126,-0.0149,-0.014,-0.0107,-0.0055,0.0023,0.0084,0.0107,0.0114,0.0103,0.0067,0.0021,-0.0017,-0.0053,-0.0085,-0.0093,-0.0078,-0.0055,-0.0028,-0.0011,-0.0019,-0.004,-0.0046,-0.0047,-0.005,-0.0048,-0.0038,-0.0027,-0.0005,0.0036,0.0076,0.0101,0.0092,0.0046,-0.0031,-0.0107,-0.0153,-0.0157,-0.0126,-0.0101,-0.0105,-0.015,-0.0198,-0.0202,-0.0155,-0.0053,0.0082,0.0195,0.0226,0.0175,0.0073,-0.003,-0.0108,-0.0169,-0.0204,-0.0228,-0.0235,-0.0219,-0.02,-0.0161,-0.0088,-0.0019,0.0025,0.0034,-0.0004,-0.0062,-0.0117,-0.0124,-0.0038,0.0104,0.0275,0.0421,0.0505,0.0534,0.0525,0.0512,0.0541,0.0598,0.0637,0.0636,0.0588,0.0504,0.039,0.0265,0.0167,0.0111,0.0096,0.0106,0.0125,0.0155,0.0183,0.0181,0.013,0.0053,-0.0015,-0.0058,-0.0083,-0.0079,-0.0044,-0.0003,0.0014,-0.0014,-0.0064,-0.0099,-0.0102,-0.0082,-0.0059,-0.0022,0.0023,0.0039,0.0014,-0.003,-0.0073,-0.0099,-0.0106,-0.0098,-0.0072,-0.003,0.0017,0.0036,0.0027,0.0002,-0.0026,-0.0043,-0.0044,-0.0038,-0.0028,-0.0023,-0.0023,-0.0032,-0.0054,-0.0086,-0.01,-0.009,-0.0081,-0.0096,-0.0119,-0.0125,-0.0123,-0.0121,-0.0144,-0.0131,-0.0099,-0.0059,-0.0051,-0.0072,-0.0092,-0.0101,-0.0106,-0.0116,-0.0123,-0.0112,-0.0101,-0.0091,-0.0109,-0.0135,-0.0148,-0.0148,-0.0139,-0.0135,-0.0146,-0.0159,-0.0161,-0.016,-0.0158,-0.0139,-0.0114,-0.0078,-0.0036,-0.0007,0.0003,0.0008,0.0011,-0.0011,-0.0047,-0.0075,-0.0083,-0.0082,-0.0072,-0.0064,-0.0068,-0.0059,-0.0032,-0.0008,0.0008,0.0017,0.0012,-0.0017,-0.0048,-0.0072,-0.0088,-0.01,-0.0104,-0.012,-0.0149,-0.0148,-0.012,-0.0079,-0.0043,-0.0023,-0.0026,-0.0049,-0.0064,-0.007,-0.007,-0.0063,-0.0091,-0.0142,-0.0177,-0.016,-0.0048,0.0012
MASSACHUSETTS,-0.0288,-0.0321,-0.0316,-0.0267,-0.0202,-0.0134,-0.0076,-0.002,0.0046,0.0137,0.0267,0.0392,0.0467,0.0476,0.0435,0.038,0.0337,0.0324,0.0343,0.0386,0.042,0.0425,0.0406,0.0374,0.0333,0.0291,0.0251,0.0216,0.0189,0.016,0.0133,0.0109,0.0088,0.0067,0.0042,0.0024,0.0032,0.0053,0.0077,0.0096,0.0101,0.0085,0.0043,-0.0011,-0.0067,-0.0108,-0.0135,-0.0152,-0.0157,-0.0145,-0.0116,-0.0097,-0.0094,-0.0106,-0.0128,-0.0152,-0.0156,-0.0125,-0.0073,-0.0015,0.0012,0.0004,-0.0038,-0.0077,-0.0086,-0.0054,0.0018,0.0076,0.0096,0.0075,0.0046,0.0027,0.0017,0.001,0.0011,0.0015,-0.0002,-0.0027,-0.0047,-0.0038,-0.0011,-0.0011,-0.0036,-0.0073,-0.0096,-0.0098,-0.0089,-0.008,-0.0068,-0.0062,-0.0063,-0.0056,-0.0044,-0.001,0.0031,0.0071,0.0129,0.0189,0.0253,0.0312,0.0352,0.0368,0.0362,0.0352,0.0363,0.0392,0.0415,0.0414,0.0387,0.0349,0.0304,0.0264,0.0244,0.0233,0.0218,0.0189,0.0146,0.0098,0.0061,0.0034,0.0002,-0.0035,-0.0072,-0.011,-0.0148,-0.0161,-0.0141,-0.0108,-0.0079,-0.0069,-0.0079,-0.0103,-0.0125,-0.0135,-0.0139,-0.0129,-0.0108,-0.01,-0.011,-0.0121,-0.0129,-0.013,-0.0124,-0.0112,-0.0095,-0.0076,-0.0044,-0.0018,-0.0004,0.0004,0.0006,0.0017,0.0036,0.0048,0.0055,0.0054,0.0056,0.0054,0.0041,0.0015,-0.001,-0.0031,-0.0061,-0.0111,-0.0163,-0.0185,-0.0184,-0.0173,-0.0134,-0.0185,-0.0165,-0.0129,-0.0107,-0.0103,-0.0109,-0.0121,-0.0147,-0.0188,-0.0228,-0.0232,-0.021,-0.0146,-0.0115,-0.0108,-0.0111,-0.0118,-0.0122,-0.0124,-0.014,-0.0161,-0.0175,-0.0197,-0.0234,-0.0265,-0.0285,-0.0281,-0.0253,-0.0211,-0.0163,-0.0098,-0.0013,0.0054,0.0075,0.007,0.0059,0.0037,0.0018,0,-0.0025,-0.0043,-0.005,-0.0066,-0.0087,-0.0101,-0.0096,-0.0093,-0.0091,-0.0083,-0.0081,-0.0092,-0.0105,-0.0127,-0.0153,-0.0154,-0.0142,-0.013,-0.0116,-0.0101,-0.0097,-0.0116,-0.0134,-0.0146,-0.0145,-0.0132,-0.013,-0.0132,-0.0117,-0.0083,-0.0011,0.0013
MICHIGAN,-0.0294,-0.0192,0.0042,0.0302,0.0442,0.0432,0.0299,0.017,0.0127,0.0155,0.0253,0.0365,0.0428,0.0394,0.0279,0.015,0.0082,0.0128,0.0267,0.043,0.0517,0.0516,0.0435,0.0304,0.0166,0.0065,0.0006,-0.0036,-0.0067,-0.011,-0.0138,-0.0126,-0.0047,0.0071,0.0181,0.0266,0.032,0.033,0.0297,0.0249,0.0204,0.0141,0.004,-0.0076,-0.0186,-0.0231,-0.0212,-0.0163,-0.0094,-0.0016,0.0056,0.0078,0.0059,0.0041,0.0057,0.0069,0.0067,0.0048,0.0017,-0.0001,-0.0039,-0.0091,-0.0147,-0.0173,-0.0176,-0.0154,-0.0096,-0.003,0.0031,0.0063,0.0088,0.0102,0.0091,0.0073,0.0069,0.0077,0.0079,0.0069,0.004,0.0029,0.0018,-0.0033,-0.0087,-0.0125,-0.0121,-0.0085,-0.0049,-0.0004,0.0062,0.0119,0.0158,0.0164,0.012,0.0058,-0.003,-0.0094,-0.0084,-0.0024,0.0085,0.0201,0.028,0.0305,0.0273,0.0252,0.0314,0.0429,0.0519,0.0537,0.1014,0.0865,0.0696,0.0528,0.0399,0.0323,-0.0081,-0.0088,-0.0101,-0.0098,-0.0068,-0.0042,-0.0063,-0.0117,-0.0167,-0.0205,-0.0236,-0.024,-0.0207,-0.0161,-0.0136,-0.0156,-0.0207,-0.0249,-0.0241,-0.0191,-0.0126,-0.0051,0.001,0.0011,-0.0048,-0.013,-0.0211,-0.0266,-0.0287,-0.0269,-0.021,-0.0122,-0.002,0.0041,0.0047,0.0014,-0.0042,-0.0074,-0.0054,-0.0019,0.0014,0.002,0.0034,-0.003,-0.0067,-0.0085,-0.0068,-0.0029,-0.0002,-0.0042,-0.0123,-0.0173,-0.0184,-0.0169,-0.0203,-0.0161,-0.0167,-0.0174,-0.0201,-0.0236,-0.0262,-0.0262,-0.0263,-0.03,-0.0351,-0.0354,-0.0292,-0.0207,-0.0147,-0.0144,-0.0184,-0.0237,-0.0264,-0.0262,-0.0251,-0.0198,-0.0107,-0.0036,-0.0003,0.0014,0.0018,0.0027,0.0044,0.0051,0.0042,0.0041,0.0068,0.0059,-0.0023,-0.014,-0.0253,-0.0333,-0.0329,-0.0229,-0.0085,0.0058,0.0167,0.0182,0.0106,-0.0007,-0.0091,-0.0151,-0.0164,-0.0148,-0.0154,-0.0192,-0.022,-0.0224,-0.0217,-0.0138,-0.002,0.0088,0.0166,0.02,0.0179,0.0119,0.0067,0.0001,-0.0074,-0.0137,-0.02,-0.025,-0.0235,-0.0153,-0.0009,0.0034
MINNESOTA,0.0173,0.0115,0.0021,-0.003,-0.0004,0.0104,0.0223,0.0274,0.0235,0.0147,0.0082,0.0059,0.0067,0.0117,0.0166,0.0178,0.0158,0.0131,0.0144,0.0213,0.0305,0.0366,0.0388,0.036,0.0285,0.0183,0.0077,-0.0017,-0.0087,-0.0139,-0.0161,-0.0135,-0.0063,0.0009,0.0059,0.0095,0.0141,0.0182,0.0206,0.0216,0.021,0.0181,0.0121,0.0046,-0.0033,-0.0069,-0.008,-0.0097,-0.011,-0.0115,-0.0089,-0.0044,-0.0009,0.0001,-0.002,-0.0081,-0.0163,-0.023,-0.0261,-0.0216,-0.0147,-0.01,-0.0111,-0.0157,-0.0192,-0.0175,-0.0098,0.0002,0.0102,0.0158,0.0155,0.0083,-0.0041,-0.0148,-0.0202,-0.0198,-0.0147,-0.0046,0.0073,0.0196,0.0271,0.026,0.0213,0.016,0.0121,0.0093,0.007,0.0069,0.0094,0.0108,0.0112,0.0109,0.0083,0.0045,-0.0008,-0.0037,-0.0004,0.0076,0.0186,0.028,0.0323,0.0325,0.0301,0.0276,0.0307,0.0394,0.0486,0.053,0.0524,0.0469,0.0365,0.0242,0.0131,0.0048,-0.001,-0.0049,-0.0076,-0.0083,-0.0066,-0.0042,-0.004,-0.0068,-0.0099,-0.0125,-0.0134,-0.011,-0.0052,0.0007,0.0025,-0.0018,-0.0101,-0.0176,-0.0223,-0.0196,-0.0117,-0.004,0.0003,-0.0017,-0.0095,-0.0194,-0.0274,-0.0296,-0.0269,-0.0213,-0.0143,-0.0096,-0.007,-0.004,-0.0025,-0.002,-0.003,-0.0036,-0.0041,-0.0074,-0.0111,-0.0135,-0.0147,-0.0149,-0.0147,-0.0138,-0.0117,-0.0101,-0.0097,-0.0126,-0.0158,-0.0137,-0.0089,-0.0061,-0.0066,-0.0112,-0.0171,-0.0233,-0.0292,-0.0314,-0.0276,-0.0196,-0.0125,-0.0098,-0.0115,-0.0116,-0.0082,-0.0032,0.0002,-0.0005,-0.0028,-0.0055,-0.0078,-0.0081,-0.0068,-0.0019,0.0055,0.0083,0.0063,0.0046,0.0045,0.0071,0.0115,0.0147,0.0155,0.0137,0.0096,0.0002,-0.013,-0.0228,-0.0277,-0.0296,-0.026,-0.0181,-0.0132,-0.0112,-0.0101,-0.0137,-0.0191,-0.0232,-0.0216,-0.0177,-0.0127,-0.008,-0.0082,-0.0127,-0.0135,-0.0121,-0.0117,-0.0026,0.0115,0.0234,0.0285,0.0257,0.0187,0.0102,0.0042,-0.0009,-0.0042,-0.0026,0.0034,0.0062,0.0064,0.0058,0.0015,-0.0002
MISSISSIPPI,0.0103,0.0102,0.0089,0.005,-0.0024,-0.0087,-0.0125,-0.0166,-0.021,-0.0218,-0.0153,-0.0069,-0.0012,0.0014,0.0023,0.0049,0.0104,0.018,0.0278,0.0396,0.0476,0.0467,0.0394,0.03,0.0192,0.0084,-0.0008,-0.0082,-0.0122,-0.0129,-0.0102,-0.0043,0.002,0.0054,0.0047,0.0012,0.0003,0.0022,0.0043,0.0049,0.0024,-0.0048,-0.0162,-0.0277,-0.0354,-0.0359,-0.0299,-0.019,-0.007,0.0038,0.0147,0.0229,0.0269,0.0271,0.0244,0.0186,0.0126,0.0089,0.0068,0.0065,0.0074,0.0075,0.003,-0.002,-0.0039,-0.0007,0.0069,0.0133,0.2968,-0.0755,-0.02,-0.1173,-0.0792,-0.0441,-0.0546,-0.0203,-0.013,-0.008,-0.0053,-0.0046,-0.006,-0.0073,-0.0046,-0.0005,0.0027,0.0024,-0.0024,-0.0073,-0.0089,-0.0097,-0.0099,-0.0067,-0.005,-0.0053,-0.0081,-0.0096,-0.0055,0.0031,0.0155,0.0281,0.0361,0.0364,0.029,0.0188,0.0141,0.0176,0.0281,0.0418,0.0508,0.0511,0.0428,0.0303,0.0191,0.0129,0.0122,0.0159,0.0215,0.026,0.0267,0.022,0.0126,0.0033,-0.0042,-0.0093,-0.0116,-0.041,-0.0171,-0.0027,0.0039,0.0052,0.0033,0.0012,0.0007,0.0004,-0.0001,0.0004,0.0014,0.0009,-0.0024,-0.0062,-0.0097,-0.0142,-0.0186,-0.0222,-0.0232,-0.0195,-0.0107,-0.0017,0.0047,0.0056,0.002,-0.0022,-0.0048,-0.0057,-0.0043,-0.0021,0.0011,-0.0006,-0.0035,-0.0076,-0.0107,-0.0106,-0.0099,-0.0116,-0.0133,-0.0116,-0.0088,-0.0067,-0.0073,-0.0094,-0.0104,-0.0113,-0.0131,-0.0152,-0.0155,-0.015,-0.0162,-0.0183,-0.0201,-0.0187,-0.0183,-0.0122,-0.0113,-0.0116,-0.0123,-0.0125,-0.0096,-0.005,-0.0012,0.0002,-0.0014,-0.0057,-0.0102,-0.0122,-0.0116,-0.0093,-0.0062,-0.0047,-0.0068,-0.0095,-0.0108,-0.0127,-0.0146,-0.0156,-0.0154,-0.0145,-0.012,-0.0089,-0.0075,-0.0072,-0.0073,-0.0096,-0.0114,-0.0111,-0.0082,-0.0046,-0.001,0.0011,0.0002,-0.0032,-0.0061,-0.0075,-0.0063,-0.0001,0.008,0.0148,0.0189,0.0196,0.0171,0.0131,0.0107,0.0101,0.0106,0.0114,0.0115,0.0086,0.0044,0.0007,-0.0022,-0.0014
MISSOURI,0.0207,0.0225,0.0152,0.0085,0.0111,0.0202,0.0279,0.0373,0.0453,0.0469,0.043,0.0325,0.0185,0.0066,-0.0034,-0.01,-0.0098,0.0012,0.0187,0.0334,0.0392,0.0375,0.032,0.0251,0.0183,0.0132,0.01,0.006,0.0005,-0.0069,-0.0116,-0.0113,-0.0071,-0.0023,-0.0004,0.0018,0.0073,0.0128,0.0168,0.0207,0.0225,0.0189,0.0084,-0.0054,-0.0174,-0.0222,-0.0186,-0.0103,-0.0014,0.0083,0.0177,0.022,0.021,0.0167,0.0112,0.0047,-0.0008,-0.0042,-0.0058,-0.0048,-0.0041,-0.0059,-0.0133,-0.0236,-0.0333,-0.0351,-0.0277,-0.017,-0.0066,-0.0016,-0.0007,-0.0046,-0.0116,-0.0175,-0.0164,-0.0082,0.0006,0.0062,0.0077,0.0095,0.0089,0.0034,-0.0036,-0.0094,-0.0094,-0.0049,0.0015,0.008,0.0159,0.0207,0.0225,0.0212,0.0151,0.0084,0.0009,-0.0042,-0.0042,0,0.0102,0.0228,0.0323,0.0366,0.0352,0.0325,0.0356,0.0443,0.0521,0.0552,0.0534,0.0483,0.0381,0.0263,0.017,0.0117,0.0097,0.0083,0.0062,0.0038,0.0041,0.0057,0.0036,-0.0004,-0.0041,-0.0071,-0.0096,-0.009,-0.0048,0.0009,0.0046,0.0032,-0.003,-0.0108,-0.0152,-0.0181,-0.0193,-0.017,-0.0122,-0.0092,-0.0094,-0.013,-0.0197,-0.026,-0.0297,-0.0304,-0.0285,-0.0226,-0.0133,-0.0083,-0.0076,-0.0092,-0.011,-0.0082,-0.0006,0.0048,0.0052,0.0026,-0.0038,-0.0025,-0.0041,-0.0033,-0.0011,-0.0005,-0.0023,-0.0081,-0.0122,-0.0069,0.002,0.0075,0.0075,-0.0012,-0.0107,-0.019,-0.0252,-0.0273,-0.0249,-0.02,-0.0163,-0.0166,-0.0154,-0.0089,-0.0035,-0.0005,-0.0044,-0.0149,-0.0274,-0.0359,-0.0382,-0.0348,-0.0297,-0.0227,-0.0144,-0.0103,-0.0073,-0.0016,0.0068,0.0176,0.0258,0.0255,0.0168,0.0037,-0.0097,-0.0245,-0.039,-0.0449,-0.041,-0.0349,-0.0259,-0.0176,-0.0148,-0.0135,-0.0102,-0.0084,-0.0085,-0.0089,-0.0096,-0.0138,-0.0164,-0.0155,-0.0179,-0.0227,-0.0239,-0.024,-0.0241,-0.0149,0.0005,0.0158,0.0243,0.0238,0.0153,0.0034,-0.0054,-0.0121,-0.0141,-0.0063,0.0105,0.0223,0.0269,0.0245,0.0072,-0.0005
MONTANA,-0.0055,-0.005,-0.0041,-0.0025,-0.0014,-0.0007,-0.0006,-0.0031,-0.0075,-0.0123,-0.0148,-0.0146,-0.0121,-0.0088,-0.0063,-0.005,-0.0046,-0.0052,-0.0055,-0.0049,-0.0048,-0.0037,-0.0011,0.0012,0.0027,0.003,0.001,-0.0039,-0.0095,-0.0126,-0.0115,-0.0058,0.0022,0.0083,0.0114,0.0123,0.0116,0.0098,0.0089,0.0097,0.0099,0.009,0.0073,0.0062,0.0065,0.0072,0.0063,0.004,0.0011,-0.0024,-0.0053,-0.0066,-0.0055,-0.0037,-0.0043,-0.0061,-0.0077,-0.0083,-0.0078,-0.0066,-0.0059,-0.0052,-0.0052,-0.0066,-0.0086,-0.0111,-0.0114,-0.0126,-0.017,-0.0214,-0.0245,-0.0251,-0.0237,-0.0209,-0.0174,-0.0142,-0.0125,-0.0125,-0.0148,-0.0194,-0.0237,-0.0303,-0.0369,-0.038,-0.0288,-0.0082,0.0179,0.0418,0.0571,0.0611,0.0553,0.0433,0.0302,0.0198,0.0144,0.0128,0.0153,0.0198,0.0246,0.0285,0.0312,0.0333,0.0342,0.0359,0.0384,0.0417,0.0439,0.043,0.0381,0.0294,0.0184,0.0074,-0.0015,-0.0065,-0.0056,-0.0003,0.0065,0.0128,0.0169,0.0182,0.0157,0.0108,0.0044,-0.0017,-0.0062,-0.0078,-0.0065,-0.0029,0.0017,0.0047,0.0052,0.0032,-0.0004,-0.0045,-0.0077,-0.0092,-0.0088,-0.0082,-0.0091,-0.0122,-0.0164,-0.0199,-0.0217,-0.021,-0.0175,-0.0124,-0.0073,-0.004,-0.0034,-0.0052,-0.0087,-0.0122,-0.014,-0.0145,-0.0129,-0.0104,-0.0077,-0.0055,-0.004,-0.0042,-0.0051,-0.0061,-0.0065,-0.0075,-0.0099,-0.012,-0.0135,-0.015,-0.0175,-0.0175,-0.0177,-0.0162,-0.0148,-0.0127,-0.0098,-0.0081,-0.008,-0.0107,-0.0153,-0.0187,-0.0166,-0.0152,-0.0096,-0.0037,0.0011,0.0023,0.0005,-0.0004,-0.0003,0.0011,0.0031,0.0044,0.0046,0.0036,0.0016,-0.0013,-0.004,-0.0074,-0.0101,-0.0105,-0.0096,-0.0076,-0.0055,-0.004,-0.0029,-0.0024,-0.0022,-0.0016,-0.0013,0,0.0008,-0.0015,-0.004,-0.006,-0.0075,-0.009,-0.0104,-0.0106,-0.0101,-0.009,-0.0073,-0.0061,-0.0058,-0.0059,-0.0074,-0.0083,-0.0071,-0.0049,-0.003,-0.0025,-0.0024,-0.0025,-0.0022,-0.0008,0.0013,0.0035,0.0042,0.002,-0.0007,-0.001
NEBRASKA,-0.0053,-0.0029,0.0002,0.0029,0.0046,0.0072,0.0086,0.0078,0.0059,0.0042,0.0038,0.0038,0.0046,0.0076,0.0108,0.0123,0.0128,0.012,0.0123,0.0154,0.0198,0.0232,0.0251,0.0244,0.0214,0.0165,0.0105,0.005,0.0003,-0.0033,-0.0044,-0.0031,-0.0001,0.004,0.0089,0.0133,0.0164,0.0173,0.0161,0.013,0.0086,0.0039,-0.0018,-0.0069,-0.0092,-0.0078,-0.0049,-0.0027,-0.0017,-0.0027,-0.0047,-0.0055,-0.0044,-0.0017,0.0009,0.0038,0.0059,0.0072,0.0081,0.0083,0.0058,0.0013,-0.0044,-0.0106,-0.0151,-0.0165,-0.0116,-0.0059,-0.0062,-0.012,-0.0209,-0.0295,-0.0353,-0.0358,-0.0291,-0.0172,-0.0046,0.0032,0.0036,-0.0008,-0.0018,-0.004,-0.0111,-0.0178,-0.018,-0.0118,-0.0032,0.0055,0.0111,0.0162,0.0161,0.0095,0.0002,-0.0064,-0.0062,-0.0042,-0.0019,0.0029,0.0094,0.0148,0.0177,0.0181,0.0192,0.0256,0.0309,0.0345,0.0389,0.0444,0.0463,0.0428,0.0356,0.0279,0.0204,0.0123,0.0056,0.0013,0.0009,0.0042,0.0061,0.0044,0.0015,-0.002,-0.0074,-0.0134,-0.0174,-0.0157,-0.0112,-0.0064,-0.0025,-0.0003,0.0007,0.0012,0.0007,-0.0013,-0.0032,-0.0045,-0.0046,-0.0056,-0.0057,-0.0057,-0.0075,-0.0102,-0.0129,-0.0144,-0.015,-0.0135,-0.0097,-0.0063,-0.0036,-0.0018,-0.0015,-0.0018,0.0002,0.0003,-0.0011,-0.003,-0.0041,-0.0048,-0.0056,-0.0063,-0.0071,-0.0084,-0.0106,-0.014,-0.0178,-0.0153,-0.0084,-0.0038,-0.005,-0.0054,-0.0088,-0.0129,-0.0176,-0.0211,-0.0216,-0.0193,-0.0171,-0.0187,-0.0211,-0.0175,-0.0107,-0.0032,0.0034,0.0093,0.0119,0.0115,0.0084,0.004,-0.0003,-0.0026,-0.003,-0.0033,-0.0022,-0.0006,0.0008,0.0027,0.0052,0.006,0.005,0.0042,0.0037,0.0003,-0.0054,-0.0103,-0.0132,-0.0144,-0.0131,-0.0095,-0.0055,-0.0019,0.0004,-0.0001,-0.0007,0.0005,0.0023,0.0024,0.0019,0.0017,0.0002,-0.0028,-0.0041,-0.0034,-0.0011,0.0029,0.0054,0.0083,0.0112,0.0123,0.0117,0.0096,0.0074,0.0041,-0.0001,-0.0026,-0.0057,-0.0081,-0.0081,-0.0074,-0.003,0.0003
NEVADA,-0.0011,0.0054,0.0071,0.0068,0.0077,0.012,0.0175,0.0212,0.022,0.0198,0.0171,0.0157,0.0145,0.0135,0.014,0.0115,0.0103,0.0155,0.0254,0.0369,0.0441,0.0436,0.035,0.0205,0.0042,-0.0097,-0.0181,-0.0194,-0.0175,-0.0176,-0.0165,-0.0148,-0.0128,-0.0104,-0.0077,-0.0052,-0.0028,-0.0011,-0.0013,-0.0014,-0.0014,-0.0028,-0.0072,-0.0136,-0.0195,-0.0227,-0.0228,-0.0207,-0.0177,-0.0148,-0.0128,-0.0125,-0.0138,-0.0151,-0.0148,-0.0121,-0.0074,-0.0032,-0.0016,-0.0014,-0.002,-0.0021,-0.0016,-0.0005,0.002,0.0051,0.0053,0.0006,-0.0076,-0.015,-0.0168,-0.0126,-0.0051,0.0033,0.0103,0.0134,0.0111,0.0053,0,-0.002,-0.0013,-0.0001,0.0011,0.0025,0.0046,0.0071,0.0096,0.0128,0.0166,0.0198,0.0214,0.0214,0.0208,0.0205,0.0211,0.0233,0.0273,0.0316,0.0361,0.0397,0.0423,0.0448,0.0485,0.0536,0.0589,0.0626,0.0626,0.0589,0.0531,0.0465,0.0396,0.0336,0.0293,0.0261,0.0227,0.0193,0.0173,0.0173,0.0186,0.0198,0.0191,0.0164,0.0123,0.0079,0.0041,0.0023,0.0029,0.004,0.0037,0.0016,-0.0016,-0.0048,-0.0071,-0.0082,-0.0077,-0.006,-0.0044,-0.0037,-0.0043,-0.0062,-0.0094,-0.0134,-0.0171,-0.0193,-0.0195,-0.0177,-0.0146,-0.0118,-0.0103,-0.0109,-0.0133,-0.0148,-0.0141,-0.0124,-0.0106,-0.0094,-0.0081,-0.0091,-0.011,-0.0132,-0.0146,-0.0151,-0.0158,-0.0174,-0.0195,-0.0195,-0.018,-0.0163,-0.0162,-0.0158,-0.0158,-0.0165,-0.018,-0.0187,-0.0175,-0.0152,-0.013,-0.0128,-0.0133,-0.0129,-0.0134,-0.0132,-0.013,-0.0117,-0.0102,-0.0094,-0.01,-0.0114,-0.0135,-0.0152,-0.0163,-0.0171,-0.0164,-0.0152,-0.0145,-0.0145,-0.0146,-0.0143,-0.0142,-0.0141,-0.0135,-0.0132,-0.0131,-0.0122,-0.0104,-0.0085,-0.007,-0.0063,-0.0074,-0.0092,-0.0101,-0.0099,-0.0092,-0.0078,-0.0068,-0.0078,-0.01,-0.0122,-0.0138,-0.0142,-0.0131,-0.0118,-0.0107,-0.0091,-0.0077,-0.0073,-0.008,-0.0092,-0.0107,-0.0116,-0.0111,-0.0108,-0.0107,-0.0106,-0.0142,-0.0185,-0.02,-0.0165,-0.0035,0.0018
NEW HAMPSHIRE,-0.0009,-0.002,-0.0005,0.0017,0.0025,0.0002,-0.0041,-0.0073,-0.0087,-0.0063,0.0012,0.0116,0.0216,0.0304,0.0377,0.0444,0.049,0.0502,0.0478,0.0429,0.0382,0.0341,0.0298,0.0256,0.0225,0.0185,0.0129,0.007,0.0026,0.0013,0.0022,0.0038,0.003,-0.0005,-0.0041,-0.0071,-0.009,-0.0085,-0.0056,-0.0021,0,-0.0002,-0.0031,-0.0065,-0.0079,-0.0075,-0.0081,-0.01,-0.0123,-0.0157,-0.0191,-0.0216,-0.0224,-0.021,-0.0171,-0.0123,-0.0083,-0.0043,-0.0007,0.0012,0.0011,-0.0005,-0.0028,-0.0039,-0.0026,0.0006,0.0035,0.0039,0.0008,-0.0062,-0.0148,-0.0216,-0.024,-0.0197,-0.0095,0.0022,0.0114,0.0171,0.0195,0.0193,0.0168,0.0124,0.0076,0.0028,-0.0022,-0.0062,-0.009,-0.0098,-0.0087,-0.0066,-0.0043,-0.0023,-0.0001,0.002,0.0039,0.0051,0.0061,0.0062,0.0067,0.008,0.0092,0.0105,0.014,0.022,0.0346,0.05,0.0654,0.0764,0.08,0.0748,0.0613,0.0436,0.0257,0.0103,-0.0009,-0.0072,-0.0084,-0.0064,-0.0046,-0.0053,-0.0091,-0.0142,-0.0181,-0.0197,-0.0185,-0.014,-0.0083,-0.004,-0.0034,-0.0069,-0.0124,-0.0165,-0.0173,-0.014,-0.0073,0.0011,0.0085,0.0123,0.0114,0.0069,0.0016,-0.0027,-0.0055,-0.0065,-0.0051,-0.0016,0.003,0.0064,0.008,0.0072,0.005,0.0025,-0.0001,-0.0023,-0.0034,-0.0047,-0.0075,-0.0111,-0.0149,-0.0171,-0.017,-0.0145,-0.0111,-0.0089,-0.0086,-0.0098,-0.0117,-0.0133,-0.0147,-0.0152,-0.0153,-0.0156,-0.017,-0.019,-0.0207,-0.0209,-0.0194,-0.0179,-0.0169,-0.0165,-0.0178,-0.0186,-0.0206,-0.0233,-0.0252,-0.0258,-0.0255,-0.0248,-0.0247,-0.0243,-0.0228,-0.0203,-0.0165,-0.011,-0.0048,0.0005,0.0027,0.0015,-0.0014,-0.0039,-0.0045,-0.0036,-0.0031,-0.0033,-0.0047,-0.0076,-0.0105,-0.0113,-0.0091,-0.0049,-0.0006,0.0017,0.0016,-0.0002,-0.0017,-0.0029,-0.0035,-0.0033,-0.0037,-0.0059,-0.0092,-0.0123,-0.0138,-0.0125,-0.0089,-0.0044,0,0.0033,0.0047,0.0045,0.0037,0.003,0.0031,0.0037,0.0038,0.0027,0.0013,0.0001,-0.0009,-0.0006
NEW JERSEY,-0.0348,-0.0301,-0.023,-0.0117,-0.0009,0.0094,0.0162,0.018,0.0138,0.0039,-0.0052,-0.011,-0.0097,-0.0031,0.0048,0.0141,0.0248,0.0342,0.0415,0.0478,0.0511,0.0513,0.048,0.0419,0.034,0.0257,0.0174,0.0082,0.0007,-0.0035,-0.0034,-0.0001,0.0046,0.0079,0.0073,0.0037,0.0004,-0.0001,0.0016,0.0047,0.0069,0.0052,-0.0018,-0.0106,-0.0188,-0.024,-0.0242,-0.0216,-0.0192,-0.0178,-0.0164,-0.017,-0.0186,-0.0196,-0.0201,-0.0222,-0.0235,-0.0196,-0.0141,-0.0084,-0.0047,-0.0048,-0.008,-0.0099,-0.0085,-0.0007,0.0153,0.0296,0.0353,0.0295,0.0193,0.0103,0.0026,-0.0018,-0.0014,0.0017,0.0022,-0.0015,-0.01,-0.0179,-0.0227,-0.0265,-0.0274,-0.0253,-0.0188,-0.0096,-0.0027,0.0012,0.0042,0.0056,0.0059,0.0082,0.0109,0.0145,0.0145,0.0121,0.0113,0.0112,0.0142,0.0204,0.0272,0.0319,0.0342,0.0365,0.0429,0.0536,0.0643,0.0699,0.0689,0.0629,0.0522,0.0397,0.03,0.0237,0.02,0.017,0.0131,0.0088,0.0051,0.0019,-0.0021,-0.006,-0.0081,-0.0087,-0.009,-0.0073,-0.0035,0.0005,0.0033,0.0036,0.0017,-0.0005,-0.0018,-0.0023,-0.0029,-0.0027,-0.0011,-0.0003,-0.0005,-0.0012,-0.0027,-0.0045,-0.005,-0.0035,-0.0005,0.0038,0.0083,0.0097,0.0064,0.0013,-0.0036,-0.0055,-0.0044,-0.0036,-0.0053,-0.0094,-0.0147,-0.0159,-0.0178,-0.0175,-0.0141,-0.0115,-0.0133,-0.0196,-0.0269,-0.0282,-0.025,-0.0213,-0.0176,-0.0204,-0.0189,-0.0161,-0.014,-0.0107,-0.0053,-0.0001,0.0021,-0.0006,-0.0054,-0.0081,-0.0101,-0.0104,-0.0138,-0.0194,-0.0253,-0.0302,-0.0323,-0.0322,-0.032,-0.0291,-0.021,-0.0109,-0.0022,0.0042,0.0062,0.0055,0.0029,-0.0023,-0.0088,-0.0129,-0.013,-0.0142,-0.0178,-0.0192,-0.0165,-0.0119,-0.0053,0.0016,0.006,0.0095,0.0109,0.008,0.0028,-0.0024,-0.0067,-0.0127,-0.0164,-0.0163,-0.0156,-0.0165,-0.0187,-0.0232,-0.0279,-0.0269,-0.0211,-0.0123,-0.0062,-0.0056,-0.0123,-0.0245,-0.0334,-0.0352,-0.0268,-0.0077,0.0182,0.0341,0.0362,0.028,0.0061,-0.0023
NEW MEXICO,-0.0144,-0.0138,-0.0115,-0.0082,-0.004,0.0004,0.0025,0.0024,0.0018,0.0007,-0.0002,-0.0013,-0.0024,-0.0023,-0.0031,-0.0047,-0.005,-0.0029,0.0021,0.0081,0.0131,0.0165,0.018,0.018,0.0175,0.0168,0.0159,0.0137,0.009,0.0034,-0.0015,-0.0034,-0.0025,-0.0001,0.0029,0.0049,0.0058,0.0066,0.0075,0.009,0.0102,0.0101,0.0079,0.0043,-0.0004,-0.0043,-0.0067,-0.008,-0.0089,-0.0108,-0.0126,-0.0131,-0.0126,-0.0116,-0.0101,-0.0075,-0.0035,0.0011,0.0043,0.0054,0.0038,0,-0.0057,-0.0118,-0.0159,-0.0168,-0.0147,-0.0139,-0.0167,-0.023,-0.0305,-0.0354,-0.0347,-0.0281,-0.0167,-0.004,0.0051,0.0082,0.0046,-0.0024,-0.0095,-0.0168,-0.0217,-0.0233,-0.022,-0.0178,-0.0133,-0.0105,-0.008,-0.0053,-0.0004,0.0065,0.0121,0.016,0.0164,0.0131,0.0084,0.0045,0.0039,0.0086,0.0171,0.0266,0.0336,0.0399,0.0475,0.0565,0.0655,0.0719,0.0738,0.07,0.0602,0.0458,0.0297,0.0155,0.0056,-0.0003,-0.0028,-0.0018,0.0014,0.0057,0.0092,0.0106,0.0104,0.0089,0.0059,0.0021,-0.002,-0.0055,-0.0083,-0.0115,-0.0147,-0.017,-0.0175,-0.0165,-0.0137,-0.0083,-0.0013,0.005,0.009,0.0102,0.0082,0.0044,-0.0015,-0.0085,-0.0144,-0.0168,-0.0153,-0.0121,-0.0083,-0.0048,-0.0022,-0.0003,0.0014,0.0013,0.0002,-0.0014,-0.0034,-0.0054,-0.0068,-0.0063,-0.0029,0.0014,0.0044,0.0044,0.0022,0.0003,-0.001,-0.0024,-0.0026,-0.0046,-0.0044,-0.0038,-0.0048,-0.0068,-0.009,-0.0111,-0.0118,-0.0107,-0.0074,-0.0018,0.0039,0.0072,0.0075,0.0043,-0.0005,-0.0045,-0.0061,-0.0044,-0.0018,0.0006,0.0028,0.0038,0.0038,0.0039,0.0047,0.0059,0.0063,0.0049,0.0016,-0.0025,-0.0059,-0.0086,-0.0108,-0.012,-0.0126,-0.0139,-0.0152,-0.0159,-0.0159,-0.0155,-0.0145,-0.0141,-0.015,-0.0177,-0.0206,-0.0229,-0.0238,-0.0228,-0.0209,-0.0179,-0.0127,-0.0069,-0.0024,0.0018,0.0059,0.0087,0.0094,0.0078,0.0053,0.0025,-0.0004,-0.0041,-0.0079,-0.0096,-0.0094,-0.0079,-0.0054,-0.0023,0.0012,0.0013
NEW YORK,-0.0162,-0.0111,-0.0063,-0.0025,-0.0021,-0.0027,-0.0041,-0.0068,-0.0112,-0.0168,-0.0204,-0.02,-0.0151,-0.0064,0.0037,0.015,0.0273,0.0379,0.0457,0.0509,0.052,0.0487,0.0419,0.0332,0.0238,0.0151,0.0074,-0.0007,-0.0079,-0.0129,-0.0131,-0.0079,0.0011,0.0089,0.0123,0.011,0.0083,0.0053,0.0028,0.0032,0.0059,0.0081,0.0063,0.002,-0.0031,-0.0049,-0.0033,-0.0024,-0.0034,-0.0059,-0.0126,-0.0169,-0.0218,-0.0263,-0.027,-0.0248,-0.021,-0.018,-0.018,-0.0158,-0.0134,-0.0116,-0.011,-0.0089,-0.0047,0.0024,0.0095,0.0099,0.0042,-0.0045,-0.0113,-0.0159,-0.0174,-0.0144,-0.0073,-0.0011,-0.0023,-0.0089,-0.0184,-0.0226,-0.0202,-0.0168,-0.0126,-0.0071,-0.0002,0.007,0.0121,0.0156,0.0185,0.0183,0.0157,0.0129,0.0088,0.0071,0.0057,0.0047,0.0057,0.0063,0.0084,0.0136,0.0199,0.0251,0.0285,0.0306,0.0354,0.0437,0.0518,0.0565,0.0565,0.0524,0.0434,0.032,0.0229,0.0173,0.0144,0.0128,0.0107,0.0075,0.0049,0.0027,-0.001,-0.0047,-0.007,-0.0083,-0.0098,-0.009,-0.0053,-0.0014,0.0008,-0.0006,-0.0049,-0.0093,-0.0112,-0.0102,-0.0074,-0.0024,0.0037,0.0074,0.0084,0.0081,0.0072,0.0069,0.0064,0.0054,0.0048,0.0049,0.0058,0.0049,0.0013,-0.0045,-0.0111,-0.0146,-0.0134,-0.0103,-0.0072,-0.0057,-0.0058,-0.0081,-0.011,-0.0123,-0.01,-0.0054,-0.0029,-0.0072,-0.0155,-0.0208,-0.0226,-0.0221,-0.0194,-0.02,-0.0175,-0.0157,-0.0176,-0.0202,-0.0203,-0.0173,-0.0139,-0.014,-0.0151,-0.0133,-0.0114,-0.0086,-0.01,-0.0145,-0.02,-0.0252,-0.0267,-0.0232,-0.0184,-0.0118,-0.0046,-0.0019,-0.0034,-0.0051,-0.0057,-0.0026,0.004,0.0093,0.01,0.0076,0.0042,-0.0025,-0.0121,-0.0175,-0.016,-0.0108,-0.0031,0.0039,0.0064,0.0062,0.0041,-0.0008,-0.0064,-0.0098,-0.0096,-0.0105,-0.0118,-0.013,-0.0163,-0.0213,-0.0251,-0.0272,-0.0261,-0.0176,-0.0058,0.0045,0.0102,0.0117,0.0089,0.0021,-0.0031,-0.0069,-0.0083,-0.0064,-0.0041,-0.004,-0.0036,-0.0021,-0.0002,0.0008
NORTH CAROLINA,-0.004,0.0003,0.0085,0.0187,0.0253,0.028,0.0265,0.0238,0.0212,0.0221,0.0287,0.0372,0.0425,0.0434,0.0394,0.0334,0.0302,0.0309,0.0357,0.0424,0.046,0.0433,0.0362,0.0269,0.0167,0.0078,0.0002,-0.0065,-0.0121,-0.0163,-0.0163,-0.012,-0.0044,0.0024,0.0052,0.0046,-0.0115,-0.0035,0.0017,0.006,0.0089,0.0082,0.001,-0.0097,-0.0198,-0.0251,-0.0247,-0.0214,-0.0164,-0.0126,-0.0106,-0.0129,-0.0178,-0.022,-0.0211,-0.0152,-0.0056,0.0054,0.0125,0.015,0.0107,0.0029,-0.0053,-0.0106,-0.0113,-0.0082,-0.0037,-0.0041,-0.0099,-0.0192,-0.0266,-0.0289,-0.0253,-0.016,-0.0029,0.0098,0.0151,0.0143,0.0102,0.0065,0.0027,-0.0049,-0.0118,-0.0156,-0.0155,-0.0116,-0.0069,-0.0017,0.0044,0.0084,0.0106,0.0129,0.0124,0.0111,0.0076,0.0038,0.0049,0.0101,0.02,0.0315,0.0398,0.0422,0.0372,0.0291,0.0264,0.031,0.2233,0.0871,0.0521,0.0394,0.0286,0.0169,0.0077,0.0026,0.0019,0.0045,0.0084,0.0122,0.0151,0.0155,0.0113,0.0039,-0.0047,-0.0129,-0.0202,-0.0226,-0.0179,-0.0098,-0.0025,0.0008,0.0003,-0.0027,-0.0051,-0.0055,-0.004,0.0003,0.0058,0.0078,0.0045,-0.0017,-0.0089,-0.0149,-0.0193,-0.0212,-0.0199,-0.0154,-0.0079,-0.0023,-0.0003,-0.0014,-0.0044,-0.0065,-0.0065,-0.0065,-0.0068,-0.0084,-0.0069,-0.0147,-0.0192,-0.0228,-0.0232,-0.0212,-0.0197,-0.0228,-0.028,-0.0295,-0.0274,-0.0234,-0.0206,-0.019,-0.0149,-0.01,-0.0087,-0.0105,-0.0134,-0.0155,-0.0174,-0.0205,-0.0215,-0.0153,-0.0082,0.0062,0.0105,0.0083,0.0024,-0.0054,-0.0118,-0.0156,-0.0179,-0.0177,-0.015,-0.0139,-0.0146,-0.0146,-0.0145,-0.0125,-0.0074,-0.0015,0.0023,0.0047,0.0058,0.0026,-0.0055,-0.0143,-0.0211,-0.0261,-0.026,-0.0219,-0.018,-0.0131,-0.0071,-0.0046,-0.0052,-0.0067,-0.0074,-0.0095,-0.0105,-0.0101,-0.0111,-0.0131,-0.0135,-0.0138,-0.0136,-0.0078,0.0002,0.0074,0.0116,0.0127,0.0107,0.006,0.0023,-0.0016,-0.006,-0.0099,-0.0169,-0.0244,-0.0267,-0.0213,-0.0044,0.0028
NORTH DAKOTA,-0.0166,-0.0173,-0.0162,-0.0099,-0.0045,0.0006,0.0064,0.007,0.0018,-0.0074,-0.016,-0.0192,-0.0164,-0.009,-0.0011,0.0039,0.0089,0.0108,0.0107,0.0152,0.0236,0.0312,0.0369,0.0393,0.0381,0.0334,0.0257,0.0162,0.0071,0.0011,-0.0018,-0.0029,-0.0007,0.0036,0.007,0.0076,0.0058,0.002,-0.0018,-0.0044,-0.0078,-0.0106,-0.0122,-0.0117,-0.0113,-0.01,-0.0096,-0.0104,-0.0112,-0.0116,-0.0113,-0.0086,-0.0028,0.0019,0.0049,0.0066,0.0054,0.0029,-0.0001,-0.0016,-0.0016,-0.0007,-0.0007,-0.0016,-0.0014,-0.0007,-0.0009,-0.0035,-0.0065,-0.0096,-0.0117,-0.0122,-0.0118,-0.0087,-0.0026,0.0013,0.0013,0.0031,0.0061,0.006,0.003,-0.0022,-0.0067,-0.0093,-0.0098,-0.0085,-0.0062,-0.002,0.0024,0.0018,0.0003,0.002,0.0016,-0.0028,-0.0101,-0.0167,-0.0188,-0.014,-0.0021,0.0112,0.0207,0.0247,0.0195,0.0122,0.0149,0.0259,0.0396,0.0508,0.0542,0.0471,0.0314,0.0125,-0.0045,-0.015,-0.016,-0.0115,-0.0081,-0.0036,-0.0002,-0.002,-0.0063,-0.0103,-0.0123,-0.0128,-0.0119,-0.0105,-0.0088,-0.0072,-0.006,-0.0076,-0.0101,-0.0106,-0.0104,-0.01,-0.0073,-0.0025,0.0027,0.0057,0.0045,-0.001,-0.0088,-0.0169,-0.0239,-0.0283,-0.0284,-0.0234,-0.0163,-0.0093,-0.0028,0.0022,0.0054,0.0071,0.0067,0.0033,0.0001,-0.0017,-0.0029,-0.0075,-0.0099,-0.0113,-0.0124,-0.0128,-0.0119,-0.0103,-0.008,-0.006,-0.0073,-0.0107,-0.0122,-0.0119,-0.0108,-0.0082,-0.004,0.0014,0.0058,0.0069,0.004,-0.0005,-0.0051,-0.0064,-0.002,0.006,0.0141,0.0193,0.0184,0.0123,0.0033,-0.002,-0.0004,0.0091,0.0222,0.0313,0.0327,0.0271,0.0159,0.002,-0.0114,-0.0216,-0.0256,-0.0232,-0.0182,-0.0131,-0.0111,-0.0127,-0.0178,-0.0236,-0.0268,-0.0238,-0.0148,-0.0025,0.009,0.0144,0.0141,0.0086,0.0033,0.0003,-0.0023,-0.0045,-0.006,-0.007,-0.0066,-0.0065,-0.0081,-0.011,-0.0147,-0.0183,-0.0226,-0.0238,-0.0181,-0.0076,0.004,0.0125,0.0158,0.0145,0.0082,-0.0002,-0.0069,-0.0096,-0.0058,-0.001
OHIO,-0.0131,-0.011,-0.0057,0.001,0.0041,0.0031,-0.0018,-0.0079,-0.0145,-0.0209,-0.0215,-0.0159,-0.007,0.0017,0.0078,0.013,0.0207,0.0305,0.0398,0.0481,0.0532,0.053,0.0486,0.042,0.0337,0.0252,0.017,0.0075,-0.0017,-0.0093,-0.0124,-0.0104,-0.0029,0.0085,0.0178,0.0215,0.0228,0.0219,0.0182,0.0136,0.008,0.0006,-0.0083,-0.015,-0.0182,-0.0159,-0.0081,0.001,0.0066,0.0078,0.0069,0.0038,0.0014,0.0023,0.0053,0.0058,0.0049,0.004,0.0013,-0.0016,-0.0053,-0.0105,-0.017,-0.0212,-0.0216,-0.0172,-0.0071,0.0023,0.0049,-0.0016,-0.0109,-0.019,-0.0246,-0.0232,-0.0128,0.0009,0.0095,0.0119,0.0087,0.0056,0.0036,-0.001,-0.0054,-0.0075,-0.0045,0.0003,0.0023,0.0037,0.0069,0.0086,0.0089,0.0089,0.0055,0.0023,-0.0033,-0.0091,-0.0093,-0.0024,0.0131,0.0297,0.0402,0.0424,0.0368,0.0294,0.0299,0.0391,0.0521,0.0633,0.0677,0.0642,0.0521,0.0358,0.021,0.0107,0.0058,0.0051,0.0063,0.0086,0.0109,0.0104,0.0044,-0.0054,-0.0149,-0.0216,-0.0254,-0.0235,-0.0162,-0.0081,-0.0038,-0.0057,-0.0125,-0.0196,-0.0219,-0.0185,-0.0114,-0.0028,0.0045,0.0054,-0.0007,-0.0103,-0.0211,-0.0296,-0.0335,-0.0328,-0.0292,-0.0228,-0.0144,-0.0083,-0.0062,-0.0069,-0.0087,-0.0071,-0.0002,0.0073,0.0119,0.0126,0.0114,0.0075,0.0013,-0.0038,-0.0043,-0.0007,0.0017,-0.0029,-0.0122,-0.0198,-0.0261,-0.032,-0.0362,-0.0392,-0.0342,-0.0257,-0.0203,-0.0184,-0.0174,-0.0161,-0.0174,-0.0216,-0.0237,-0.0188,-0.0101,-0.0027,-0.0026,-0.0078,-0.0152,-0.0213,-0.0218,-0.0157,-0.0062,0.0051,0.0158,0.0198,0.0162,0.009,0.0004,-0.0044,-0.0039,-0.0006,0.0027,0.0074,0.0136,0.0155,0.0105,0.0027,-0.0034,-0.0078,-0.0081,-0.0062,-0.0052,-0.0042,-0.0046,-0.0097,-0.0182,-0.0255,-0.0262,-0.0211,-0.0102,0.0021,0.0083,0.0064,0.0007,-0.0067,-0.0124,-0.0113,-0.0069,-0.0034,-0.0041,-0.0087,-0.0154,-0.0203,-0.0173,-0.0084,0.0012,0.0078,0.0076,0.0006,-0.0062,-0.0082,-0.0046,-0.0002
OKLAHOMA,-0.0123,-0.0139,-0.0115,-0.0061,-0.0017,0.0004,-0.0018,-0.0095,-0.0175,-0.0182,-0.0088,0.0035,0.0144,0.0234,0.0296,0.0324,0.0348,0.0384,0.0443,0.0509,0.0517,0.0431,0.0316,0.0235,0.0159,0.0076,0.0005,-0.0041,-0.005,-0.0041,-0.0002,0.0078,0.019,0.0284,0.0307,0.0274,0.0248,0.0234,0.0205,0.0168,0.0125,0.0072,-0.0001,-0.0082,-0.0149,-0.0175,-0.0159,-0.0145,-0.0143,-0.0136,-0.0137,-0.0155,-0.017,-0.0153,-0.0117,-0.0077,-0.0041,-0.0004,0.0016,0.0011,-0.0021,-0.0066,-0.0071,-0.0052,-0.0057,-0.0095,-0.0123,-0.0146,-0.0185,-0.0222,-0.0228,-0.018,-0.0122,-0.0086,-0.0071,-0.0053,-0.0018,0.0017,0.0037,0.0051,0.0091,0.0116,0.0119,0.0108,0.0091,0.0081,0.0047,-0.0005,-0.005,-0.0088,-0.0112,-0.0128,-0.018,-0.0265,-0.0359,-0.0437,-0.0433,-0.0329,-0.0131,0.0093,0.0254,0.0333,0.0332,0.0317,0.0345,0.0445,0.0582,0.0711,0.0772,0.0732,0.0613,0.0466,0.0335,0.0234,0.0159,0.0116,0.0114,0.0129,0.0128,0.0106,0.0061,0.001,-0.0045,-0.0101,-0.015,-0.0158,-0.0114,-0.0066,-0.0053,-0.0078,-0.0124,-0.0187,-0.0237,-0.0247,-0.0213,-0.0141,-0.0049,0.0017,0.004,0.003,-0.0013,-0.0081,-0.0151,-0.0208,-0.0241,-0.024,-0.019,-0.0113,-0.0039,0.0004,0.0008,0.0008,0.0027,0.0052,0.0076,0.0092,-0.0072,0.0088,0.0046,-0.0006,-0.0036,-0.0034,-0.002,-0.0031,-0.0061,-0.0074,-0.0092,-0.0125,-0.0172,-0.0239,-0.0257,-0.0244,-0.0233,-0.0215,-0.0186,-0.0153,-0.0129,-0.0124,-0.0105,-0.0035,0.0036,0.0157,0.0194,0.0172,0.0112,0.0042,-0.0007,-0.0023,-0.0014,0.0027,0.0086,0.0125,0.0139,0.0142,0.0143,0.0146,0.0135,0.0095,0.0036,-0.0024,-0.0076,-0.0129,-0.0179,-0.0206,-0.0203,-0.0192,-0.0173,-0.0148,-0.0126,-0.0109,-0.01,-0.0104,-0.0116,-0.0135,-0.0145,-0.0155,-0.017,-0.0192,-0.0233,-0.029,-0.0328,-0.0331,-0.0303,-0.0212,-0.0075,0.005,0.0114,0.0104,0.004,-0.0037,-0.0084,-0.0092,-0.0049,0.004,0.013,0.0156,0.0124,0.007,-0.0012,-0.0021
OREGON,-0.0142,-0.006,0.0027,0.0086,0.0107,0.0105,0.0075,0.0014,-0.0043,-0.0067,-0.0024,0.0071,0.018,0.0274,0.0318,0.0326,0.0321,0.0318,0.0348,0.0413,0.0468,0.0463,0.0396,0.0274,0.0121,-0.0027,-0.0146,-0.022,-0.0234,-0.019,-0.011,-0.0024,0.005,0.0106,0.0148,0.0183,0.0219,0.0244,0.0241,0.0206,0.0137,0.0038,-0.0078,-0.0167,-0.0206,-0.0183,-0.0129,-0.0088,-0.007,-0.0081,-0.01,-0.0117,-0.012,-0.0104,-0.008,-0.0083,-0.0118,-0.0172,-0.0226,-0.0241,-0.0226,-0.0185,-0.0134,-0.0086,-0.0055,-0.0046,-0.005,-0.0073,-0.0112,-0.0167,-0.0218,-0.0259,-0.0271,-0.0243,-0.0176,-0.0089,-0.0018,0.0027,0.0045,0.0044,0.002,-0.0035,-0.0102,-0.0156,-0.018,-0.0162,-0.0109,-0.0027,0.0074,0.0151,0.0182,0.0177,0.0131,0.0062,-0.0021,-0.0094,-0.0118,-0.0066,0.0064,0.0235,0.0397,0.053,0.062,0.0674,0.0734,0.0804,0.0858,0.0859,0.0789,0.0648,0.0455,0.0247,0.006,-0.009,-0.018,-0.0201,-0.0175,-0.0122,-0.0061,-0.0011,0.0013,0.0008,-0.0019,-0.0055,-0.009,-0.0101,-0.0084,-0.0066,-0.0059,-0.008,-0.0125,-0.0174,-0.02,-0.0186,-0.0135,-0.0065,0.0004,0.0037,0.0024,-0.0015,-0.0061,-0.0095,-0.0108,-0.0104,-0.0095,-0.008,-0.0058,-0.0044,-0.0046,-0.0056,-0.0068,-0.0066,-0.005,-0.0041,-0.0047,-0.0067,-0.0092,-0.0122,-0.015,-0.0165,-0.016,-0.0142,-0.0131,-0.0143,-0.0155,-0.0129,-0.0089,-0.0055,-0.0015,-0.0082,-0.012,-0.0151,-0.0177,-0.0186,-0.0175,-0.0157,-0.0156,-0.0187,-0.0227,-0.0233,-0.0204,-0.0147,-0.0099,-0.0077,-0.0081,-0.0111,-0.0144,-0.0169,-0.0188,-0.019,-0.0173,-0.0152,-0.0125,-0.0082,-0.0043,-0.0016,-0.0014,-0.0048,-0.0118,-0.0194,-0.0253,-0.0294,-0.0313,-0.0298,-0.0247,-0.0181,-0.0102,-0.0025,0.0023,0.0045,0.0045,0.0026,0.0006,-0.0006,-0.0005,-0.0008,-0.0018,-0.0035,-0.0069,-0.011,-0.0123,-0.0091,-0.0025,0.0065,0.014,0.0175,0.016,0.0097,0.0005,-0.0095,-0.0163,-0.02,-0.0224,-0.0244,-0.0298,-0.034,-0.0335,-0.0259,-0.0037,0.0038
PENNSYLVANIA,-0.02,-0.0134,-0.0052,0.0028,0.0078,0.0107,0.0116,0.0105,0.008,0.0057,0.0056,0.0068,0.0091,0.012,0.0143,0.0159,0.0177,0.0197,0.0215,0.0243,0.0267,0.0269,0.0251,0.0221,0.0174,0.0121,0.0067,0.001,-0.0042,-0.0081,-0.0073,-0.0021,0.0056,0.0125,0.015,0.0124,0.0071,0.001,-0.0048,-0.0079,-0.0074,-0.0055,-0.0061,-0.0083,-0.01,-0.009,-0.0057,-0.0027,-0.0002,0.0012,0.0021,0.0011,-0.0012,-0.0033,-0.0038,-0.0048,-0.0073,-0.0082,-0.0079,-0.0064,-0.0061,-0.0073,-0.0102,-0.0128,-0.0142,-0.0128,-0.0076,-0.0025,-0.0007,-0.0054,-0.012,-0.0153,-0.015,-0.0107,-0.0025,0.0059,0.0086,0.0056,-0.0016,-0.008,-0.0117,-0.015,-0.0175,-0.0189,-0.0168,-0.012,-0.0068,-0.0007,0.0079,0.0145,0.0174,0.0182,0.0158,0.0129,0.0092,0.0055,0.0045,0.0056,0.01,0.0155,0.02,0.0239,0.0275,0.0316,0.0393,0.0498,0.0581,0.0609,0.058,0.0502,0.0387,0.0265,0.0172,0.0111,0.0073,0.0055,0.0057,0.0075,0.0105,0.0136,0.0131,0.0087,0.0018,-0.0062,-0.0142,-0.0176,-0.0149,-0.0093,-0.0051,-0.0045,-0.0069,-0.0109,-0.0128,-0.0105,-0.0055,0.0019,0.0088,0.0112,0.0083,0.0028,-0.0037,-0.0089,-0.0121,-0.0127,-0.0105,-0.0053,0.0024,0.0083,0.011,0.0094,0.0041,-0.0002,-0.0014,-0.0013,-0.001,-0.0014,-0.0033,-0.0071,-0.012,-0.0158,-0.0161,-0.0126,-0.0081,-0.0095,-0.0155,-0.0199,-0.0229,-0.0244,-0.0267,-0.0252,-0.0216,-0.0177,-0.0173,-0.0196,-0.0213,-0.0195,-0.0157,-0.0135,-0.0117,-0.007,-0.002,0.0034,0.0026,-0.0011,-0.0057,-0.0097,-0.0114,-0.0111,-0.0095,-0.0052,0.0019,0.008,0.011,0.012,0.0107,0.0088,0.0071,0.0046,0.0006,-0.0029,-0.0051,-0.0078,-0.0121,-0.0152,-0.0153,-0.0148,-0.0132,-0.0119,-0.0127,-0.0125,-0.0094,-0.0066,-0.0052,-0.0057,-0.0071,-0.0115,-0.0162,-0.0185,-0.019,-0.0176,-0.013,-0.009,-0.008,-0.0064,-0.0051,-0.0039,-0.0033,-0.0023,-0.0009,0,0.0034,0.0073,0.0113,0.0162,0.0228,0.0245,0.0218,0.0161,0.0021,-0.0019
PUERTO RICO,-0.0289,-0.0351,-0.0312,-0.0232,-0.0149,-0.0111,-0.0105,-0.0123,-0.0103,-0.0007,0.0113,0.0248,0.0361,0.0364,0.0256,0.0122,0.007,0.0093,0.0129,0.0116,0.0065,-0.0022,-0.0118,-0.0209,-0.0212,0.1659,-0.0461,-0.021,-0.0055,-0.0013,-0.0023,-0.0089,-0.0174,-0.0197,-0.0121,0.0001,0.0118,0.0187,0.0172,0.0091,-0.0025,-0.0098,-0.0126,-0.0125,-0.0126,-0.0134,-0.0109,-0.0065,-0.0032,-0.0073,-0.0117,-0.0162,-0.0224,-0.0284,-0.0296,-0.0176,-0.0036,0.0072,0.0144,0.0194,0.022,0.0255,0.0239,0.0123,0.0002,-0.0044,-0.0004,0.0079,0.0158,0.0137,-0.0038,-0.0239,-0.0366,-0.0356,-0.0196,0.007,0.0243,0.0194,0.0025,-0.0165,-0.0275,-0.0222,-0.0078,0.0033,0.009,0.0134,0.0181,0.0203,0.0206,0.021,0.0176,0.0114,0.0049,-0.0049,-0.0166,-0.0253,-0.0274,-0.0211,-0.0051,0.0148,0.0297,0.0333,0.0325,0.0269,0.0205,0.0203,0.0283,0.0336,0.0315,0.0279,0.0233,0.0201,0.0189,0.0177,0.0138,0.0083,0.0041,-0.0017,-0.0047,-0.0002,0.0092,0.017,0.0189,0.0149,0.0048,-0.0063,-0.0151,-0.0188,-0.0183,-0.0108,0,0.0099,0.0145,0.0121,0.0062,-0.0024,-0.0112,-0.0137,-0.0134,-0.0105,-0.0066,-0.0042,-0.0039,-0.0055,-0.0092,-0.0114,-0.0139,-0.0149,-0.0148,-0.0156,-0.0125,-0.0039,0.0036,0.008,0.0063,0.0016,-0.0044,-0.0112,-0.0152,-0.0109,-0.0011,0.0073,0.0158,0.0197,0.0183,0.0155,0.01,0.0033,-0.0062,-0.0186,-0.0283,-0.0268,-0.016,0.0001,0.0131,0.0131,0.0005,-0.0208,-0.0387,-0.0452,-0.0377,-0.0117,0.0034,0.0036,0.0009,0.0006,-0.0025,-0.0034,-0.0015,-0.0013,-0.0043,-0.0077,-0.013,-0.013,-0.0066,0.0004,0.0058,0.0034,0.0056,0.0117,0.0144,0.0077,-0.0026,-0.0086,-0.0136,-0.0219,-0.0296,-0.0316,-0.0278,-0.0141,0.0007,0.0101,0.0161,0.0506,-0.0376,-0.0145,-0.0234,-0.0247,-0.025,-0.0254,-0.0253,-0.03,-0.0318,-0.0313,-0.028,-0.0136,0.0044,0.0152,0.0166,0.0104,-0.0074,-0.03,-0.0439,-0.0427,-0.0212,0.011,0.039,0.0437,0.0194,0.0022
RHODEISLAND,-0.008,-0.0053,-0.0003,0.0049,0.008,0.0089,0.0074,0.0031,-0.0029,-0.006,-0.0031,0.0033,0.0107,0.018,0.0228,0.0235,0.0205,0.0159,0.0114,0.0087,0.0076,0.006,0.0041,0.0033,0.003,0.003,0.0036,0.0049,0.0062,0.0066,0.0068,0.0082,0.0104,0.0135,0.0154,0.0141,0.0108,0.0065,0.0019,-0.0017,-0.0034,-0.0035,-0.0027,-0.0019,-0.0021,-0.0032,-0.0025,0.0004,0.0025,0.0028,0.0014,-0.0019,-0.0066,-0.0111,-0.0137,-0.0136,-0.0107,-0.0061,-0.0029,-0.0019,-0.0007,-0.0001,0.0002,0.0012,0.0031,0.0054,0.0069,0.0077,0.0072,0.0047,0.0007,-0.0036,-0.0072,-0.0087,-0.0077,-0.0055,-0.0035,-0.0024,-0.0026,-0.0047,-0.0076,-0.0095,-0.0094,-0.0073,-0.0044,-0.0006,0.0048,0.0113,0.0181,0.0235,0.0268,0.029,0.03,0.0304,0.0307,0.0313,0.0327,0.0349,0.0373,0.0392,0.04,0.0399,0.0394,0.0388,0.0389,0.04,0.0418,0.0428,0.0412,0.0366,0.0292,0.0208,0.0127,0.0059,0.0011,-0.0016,-0.0028,-0.0032,-0.0031,-0.0019,0.0002,0.0024,0.004,0.0046,0.0038,0.002,0.0001,-0.0016,-0.0029,-0.0036,-0.0043,-0.0052,-0.0057,-0.0054,-0.0045,-0.0031,-0.0007,0.0023,0.0052,0.0074,0.0082,0.007,0.0035,-0.0013,-0.0066,-0.0109,-0.0134,-0.014,-0.0134,-0.0124,-0.0123,-0.0133,-0.0148,-0.0163,-0.0166,-0.0154,-0.013,-0.0098,-0.0063,-0.0033,-0.0013,-0.0005,-0.0003,-0.0009,-0.0026,-0.005,-0.0082,-0.0121,-0.0183,-0.0208,-0.0251,-0.0279,-0.0292,-0.0293,-0.029,-0.0284,-0.0274,-0.0255,-0.0232,-0.0202,-0.0163,-0.0133,-0.0126,-0.0149,-0.019,-0.0224,-0.0239,-0.023,-0.0202,-0.0163,-0.012,-0.0081,-0.0058,-0.0041,-0.003,-0.0023,-0.0021,-0.0045,-0.01,-0.017,-0.0236,-0.0287,-0.0306,-0.0294,-0.025,-0.0178,-0.0104,-0.0055,-0.0032,-0.0013,0.0006,0.0014,0.0017,0.0012,-0.0001,-0.0028,-0.0074,-0.0139,-0.0196,-0.0226,-0.0232,-0.0211,-0.0164,-0.0102,-0.0062,-0.0053,-0.0071,-0.0098,-0.0108,-0.0096,-0.0062,-0.0024,-0.0004,-0.0019,-0.007,-0.0117,-0.0128,-0.0093,-0.001,0.0019
SOUTH CAROLINA,-0.0386,-0.0347,-0.0225,-0.0069,0.0026,0.002,-0.0047,-0.0102,-0.0091,0.0018,0.0219,0.0497,0.0586,0.059,0.0511,0.0388,0.0296,0.0258,0.0261,0.0278,0.0265,0.0211,0.014,0.0075,0.0023,-0.0019,-0.0049,-0.0068,-0.0086,-0.0091,-0.0083,-0.0028,0.011,0.025,0.033,0.0336,0.0303,0.0261,0.0211,0.0157,0.0114,0.0081,0.0051,0.0009,-0.0059,-0.0091,-0.0082,-0.0058,-0.0033,-0.0016,0.0008,0.0024,0.0015,-0.0006,-0.002,-0.0026,-0.0019,-0.0006,-0.0002,0,-0.0015,-0.0048,-0.0085,-0.0094,-0.006,0.0005,0.0081,0.0119,0.0097,0.0022,-0.0062,-0.0123,-0.0139,-0.0109,-0.0043,0.0022,0.0043,0.0025,-0.0021,-0.0066,-0.0097,-0.0143,-0.0191,-0.0234,-0.0257,-0.0238,-0.0197,-0.0146,-0.0076,-0.0019,0.0024,0.0055,0.0042,0.001,-0.0036,-0.0062,-0.0039,0.0022,0.0142,0.0297,0.043,0.0502,0.0512,0.0506,0.0539,0.0605,0.0665,0.0686,0.0656,0.0581,0.0448,0.0287,0.0149,0.0058,0.0012,-0.0002,0.0007,0.0029,0.0053,0.0058,0.0024,-0.0041,-0.0101,-0.0138,-0.0168,-0.0163,-0.0111,-0.0046,0.0001,0.0011,-0.0013,-0.0043,-0.0056,-0.005,-0.0039,-0.0017,0.0018,0.0034,0.0013,-0.0034,-0.0097,-0.0151,-0.0189,-0.0206,-0.0195,-0.015,-0.0081,-0.0043,-0.0053,-0.0105,-0.0175,-0.0213,-0.0203,-0.0168,-0.0124,-0.009,-0.0122,-0.0093,-0.0141,-0.0188,-0.0208,-0.0203,-0.0197,-0.0236,-0.0296,-0.0322,-0.032,-0.0299,-0.0266,-0.0205,-0.0094,0.0037,0.0124,0.0159,0.0159,0.0134,0.0079,-0.001,-0.009,-0.0115,-0.0087,-0.0074,-0.0087,-0.014,-0.0197,-0.0236,-0.0246,-0.0221,-0.0185,-0.0137,-0.0082,-0.0069,-0.0087,-0.0107,-0.0126,-0.0135,-0.0145,-0.0166,-0.0192,-0.0198,-0.0168,-0.0148,-0.016,-0.0167,-0.017,-0.0184,-0.0164,-0.0122,-0.008,-0.0034,0.0004,0.0001,-0.0041,-0.0097,-0.0164,-0.0258,-0.0332,-0.0366,-0.0379,-0.0348,-0.0251,-0.0151,-0.0086,-0.0041,-0.002,0.0001,0.0037,0.0082,0.0089,0.0028,-0.0091,-0.0286,-0.0517,-0.0682,-0.0765,-0.0704,-0.0483,-0.0226,0.0081,0.01
SOUTH DAKOTA,-0.0327,-0.0229,-0.0109,-0.0006,0.0052,0.0098,0.014,0.0143,0.0121,0.011,0.0149,0.0202,0.0246,0.0288,0.0316,0.0313,0.0298,0.0246,0.0185,0.016,0.0142,0.0122,0.0113,0.0089,0.0033,-0.0058,-0.015,-0.0225,-0.0267,-0.0245,-0.0163,-0.005,0.0093,0.0199,0.0237,0.0237,0.0223,0.0189,0.0148,0.0115,0.009,0.0066,0.0051,0.0041,0.0016,0.001,0.001,0.0003,0.0008,0.0023,0.0045,0.0064,0.0081,0.0091,0.0074,0.0053,0.0051,0.0068,0.009,0.0122,0.0131,0.0111,0.0059,-0.0014,-0.0088,-0.0155,-0.0186,-0.0195,-0.022,-0.0262,-0.0313,-0.0367,-0.0399,-0.0366,-0.0257,-0.0099,0.0059,0.0175,0.0205,0.0146,0.0066,-0.0035,-0.0129,-0.0199,-0.0239,-0.0245,-0.0226,-0.0179,-0.0108,-0.0034,0.0028,0.0046,-0.0001,-0.0107,-0.0221,-0.0284,-0.0245,-0.01,0.0109,0.0305,0.0426,0.0478,0.046,0.0436,0.0446,0.0498,0.059,0.0664,0.0678,0.0619,0.0492,0.0321,0.0146,0.0002,-0.0075,-0.0069,-0.0016,0.0067,0.0108,0.0089,0.0035,-0.0042,-0.011,-0.0141,-0.0131,-0.0095,-0.0043,0.0011,0.0055,0.0081,0.009,0.0083,0.0038,-0.0029,-0.0102,-0.0156,-0.0178,-0.0173,-0.0152,-0.0132,-0.0117,-0.011,-0.0118,-0.012,-0.0107,-0.0074,-0.0031,0.0006,0.0033,0.0046,0.0019,-0.0044,-0.0115,-0.0184,-0.0212,-0.0197,-0.0163,-0.0128,-0.0095,-0.0076,-0.0069,-0.0068,-0.007,-0.0081,-0.0099,-0.0112,-0.0111,-0.0104,-0.0083,-0.0059,-0.0058,-0.0075,-0.0116,-0.0146,-0.0125,-0.0066,-0.0013,0.0016,-0.0004,-0.0052,-0.0088,-0.0108,-0.0104,-0.0089,-0.0075,-0.0088,-0.0129,-0.0169,-0.0186,-0.0177,-0.0149,-0.0112,-0.0074,-0.0024,0.0035,0.0093,0.0135,0.0146,0.0131,0.0108,0.0092,0.0084,0.0075,0.0061,0.0042,0.0023,0.0023,0.0037,0.0058,0.0076,0.008,0.0053,0.0005,-0.005,-0.0075,-0.0072,-0.0066,-0.0062,-0.007,-0.0089,-0.0094,-0.0086,-0.0074,-0.0053,-0.0021,0.0024,0.0064,0.0098,0.0131,0.0147,0.0146,0.013,0.01,0.0077,0.0076,0.008,0.0077,0.0051,-0.0003,-0.0013
TENNESSEE,-0.0106,-0.0017,0.0076,0.0145,0.0146,0.012,0.0075,0.0017,-0.0049,-0.0109,-0.0092,-0.0028,0.0037,0.0104,0.0165,0.0212,0.0261,0.0307,0.0362,0.0453,0.0532,0.0554,0.0492,0.035,0.0157,-0.0043,-0.0221,-0.0345,-0.0387,-0.0372,-0.0304,-0.0198,-0.0066,0.006,0.0151,0.0215,0.0278,0.0321,0.0318,0.0279,0.0222,0.0163,0.0085,-0.0013,-0.0129,-0.0216,-0.0249,-0.0253,-0.0247,-0.0224,-0.0157,-0.0058,0.0046,0.013,0.0188,0.0217,0.023,0.0218,0.0168,0.0128,0.0098,0.0054,-0.0005,-0.0098,-0.0207,-0.0263,-0.0236,-0.0163,-0.0088,-0.0044,-0.0009,0.0006,0,0.0015,0.0063,0.0122,0.0129,0.0052,-0.0077,-0.0207,-0.0293,-0.0346,-0.0368,-0.0351,-0.0301,-0.0262,-0.0247,-0.0184,-0.0023,0.0183,0.0377,0.0506,0.0509,0.0426,0.028,0.013,0.0062,0.0107,0.0236,0.0374,0.0457,0.0464,0.0404,0.0339,0.0342,0.0438,0.0574,0.0671,0.0686,0.0626,0.0498,0.0332,0.0175,0.0051,-0.003,-0.0064,-0.0072,-0.0069,-0.0055,-0.0041,-0.0064,-0.0131,-0.0207,-0.0262,-0.0287,-0.0242,-0.013,-0.0009,0.0085,0.0119,0.0091,0.0027,-0.003,-0.0068,-0.0097,-0.0095,-0.0067,-0.0055,-0.0077,-0.0123,-0.0187,-0.0244,-0.0287,-0.0296,-0.025,-0.0144,-0.0004,0.0083,0.0093,0.0038,-0.0052,-0.0109,-0.0103,-0.0049,0.0037,0.0109,0.014,0.0119,0.0046,-0.0038,-0.0087,-0.0093,-0.0075,-0.0105,-0.0178,-0.0235,-0.0268,-0.0277,-0.0301,-0.0205,-0.0104,0,0.004,0.002,-0.0025,-0.0063,-0.0085,-0.0126,-0.0168,-0.0173,-0.0131,-0.0123,-0.013,-0.0158,-0.0185,-0.0207,-0.0219,-0.023,-0.0263,-0.0285,-0.0275,-0.0258,-0.0235,-0.0182,-0.0112,-0.0024,0.0056,0.0092,0.0079,0.0052,0.0032,-0.0013,-0.0099,-0.0205,-0.0309,-0.0412,-0.0475,-0.05,-0.0484,-0.0397,-0.0259,-0.0138,-0.0047,0.0021,0.0072,0.009,0.0092,0.0077,0.0045,0.0007,-0.0017,-0.0049,-0.0093,-0.0112,-0.0117,-0.0109,-0.0078,-0.0025,0.0027,0.0065,0.0081,0.0047,-0.0016,-0.0073,-0.0111,-0.0127,-0.0098,-0.0043,0.0013,0.0022
TEXAS,-0.0069,-0.0126,-0.017,-0.0183,-0.0185,-0.0161,-0.0133,-0.0115,-0.0117,-0.0132,-0.0096,-0.0004,0.0114,0.023,0.0308,0.0344,0.0353,0.035,0.0359,0.0389,0.0408,0.0389,0.0336,0.0268,0.0202,0.0151,0.0115,0.0085,0.006,0.0035,0.0017,0.0014,0.0037,0.0074,0.0097,0.0095,0.0092,0.0089,0.008,0.0072,0.0062,0.0036,-0.0024,-0.0097,-0.0171,-0.0209,-0.0198,-0.0163,-0.0128,-0.0104,-0.0089,-0.0102,-0.0126,-0.0134,-0.0106,-0.0064,-0.002,0.0009,0,-0.0022,-0.0068,-0.0131,-0.018,-0.0189,-0.0168,-0.0123,-0.0052,0.0001,0.0018,-0.0007,-0.0042,-0.0073,-0.0086,-0.0074,-0.0053,-0.0039,-0.0048,-0.0084,-0.0149,-0.0207,-0.0226,-0.0233,-0.0222,-0.0203,-0.0175,-0.0138,-0.0111,-0.0081,-0.004,-0.0007,0.003,0.0071,0.0072,0.0054,0.0011,-0.0032,-0.0037,-0.0014,0.0057,0.0155,0.0245,0.0313,0.0331,0.032,0.0333,0.0378,0.0427,0.0448,0.0424,0.0367,0.0267,0.0148,0.1313,0.0573,0.0241,0.0088,0.0019,-0.001,-0.0009,0.0005,0.0004,-0.0017,-0.0041,-0.0066,-0.0094,-0.009,-0.0045,0.0009,0.0046,0.0045,0.001,-0.0041,-0.0075,-0.0083,-0.0073,-0.0038,0.0008,0.0022,-0.0009,-0.0064,-0.013,-0.0187,-0.0222,-0.0229,-0.0205,-0.0153,-0.0083,-0.0044,-0.0051,-0.0094,-0.0152,-0.0173,-0.0138,-0.0074,-0.0006,0.0042,0.0043,0.0037,-0.0021,-0.0082,-0.0111,-0.0107,-0.0092,-0.0117,-0.0165,-0.018,-0.0182,-0.0188,-0.0213,-0.0231,-0.0213,-0.0175,-0.016,-0.0158,-0.0159,-0.0162,-0.0181,-0.0231,-0.0268,-0.0243,-0.018,-0.0088,-0.0036,-0.0023,-0.0018,-0.0008,0.002,0.005,0.0042,0.0018,-0.0003,-0.0028,-0.004,-0.001,0.0045,0.0118,0.0173,0.0172,0.0128,0.0081,0.0059,0.0036,-0.0005,-0.0043,-0.0076,-0.013,-0.0182,-0.0218,-0.0247,-0.0239,-0.0196,-0.0152,-0.0116,-0.0084,-0.0046,-0.0025,-0.0011,-0.0003,-0.0029,-0.0083,-0.0126,-0.0158,-0.0178,-0.0141,-0.007,-0.0011,0.0001,-0.0039,-0.0112,-0.018,-0.0192,-0.0159,-0.0092,0.0001,0.0074,0.0076,0.0037,0.0007,-0.0016,-0.0007
UTAH,-0.0205,-0.0092,0.0027,0.0121,0.0172,0.021,0.0237,0.0241,0.0223,0.0212,0.0223,0.0238,0.0243,0.0239,0.023,0.0223,0.0218,0.0206,0.0215,0.0255,0.0309,0.0348,0.0363,0.0361,0.0334,0.0284,0.0223,0.0163,0.0116,0.0084,0.0057,0.0032,0.0019,0.0009,-0.0002,-0.0023,-0.0043,-0.006,-0.0076,-0.0088,-0.0094,-0.0094,-0.0095,-0.0091,-0.0089,-0.0082,-0.0074,-0.0071,-0.0076,-0.009,-0.0102,-0.0116,-0.0129,-0.0141,-0.015,-0.0162,-0.0181,-0.0197,-0.0209,-0.0205,-0.0192,-0.0178,-0.0187,-0.0197,-0.0183,-0.0148,-0.01,-0.0072,-0.0083,-0.0141,-0.0233,-0.0332,-0.041,-0.0432,-0.0377,-0.0298,-0.0261,-0.0258,-0.0286,-0.032,-0.0346,-0.0377,-0.0385,-0.0353,-0.0267,-0.014,-0.001,0.0118,0.0232,0.0291,0.029,0.0256,0.022,0.0208,0.0204,0.0199,0.02,0.0203,0.0217,0.0232,0.0246,0.0273,0.0319,0.0368,0.0419,0.0467,0.0498,0.2437,0.122,0.0696,0.043,0.0279,0.019,0.0135,0.0103,0.0096,0.0094,0.0091,0.0091,0.0088,0.0074,0.0048,0.0024,0.0003,-0.0017,-0.0034,-0.0048,-0.0063,-0.0072,-0.0079,-0.0094,-0.0107,-0.0123,-0.015,-0.0178,-0.0195,-0.0199,-0.0199,-0.0201,-0.021,-0.0223,-0.0231,-0.0227,-0.0216,-0.0196,-0.017,-0.0152,-0.0158,-0.017,-0.0181,-0.0183,-0.0158,-0.0118,-0.0098,-0.0093,-0.0105,-0.0108,-0.0138,-0.0153,-0.0155,-0.0145,-0.013,-0.0123,-0.0149,-0.0183,-0.0191,-0.0199,-0.0216,-0.0262,-0.0225,-0.0196,-0.0144,-0.0094,-0.0048,-0.0012,-0.0005,-0.0035,-0.0085,-0.0122,-0.0114,-0.0042,-0.0027,0.0013,0.0033,0.003,0.0007,-0.0018,-0.0034,-0.0039,-0.0032,-0.0008,0.0008,0.0006,-0.0011,-0.005,-0.0096,-0.0128,-0.0146,-0.0146,-0.0118,-0.0071,-0.0031,-0.0014,-0.001,-0.0005,-0.0005,-0.0002,-0.0004,-0.0021,-0.0038,-0.0049,-0.0069,-0.009,-0.0104,-0.0103,-0.0095,-0.0081,-0.0063,-0.0043,-0.0023,-0.001,-0.0014,-0.0035,-0.0051,-0.0064,-0.008,-0.0101,-0.0122,-0.0142,-0.0164,-0.0182,-0.0205,-0.0227,-0.0237,-0.0242,-0.0221,-0.0168,-0.0095,0.0017,0.0032
VERMONT,-0.026,-0.0156,-0.0022,0.0113,0.0209,0.0257,0.0243,0.0167,0.0078,0.0017,0.001,0.0044,0.0114,0.0188,0.023,0.0224,0.0179,0.0137,0.0126,0.0146,0.0177,0.021,0.0228,0.0217,0.0184,0.0145,0.0122,0.011,0.0097,0.0084,0.0086,0.0108,0.0139,0.0158,0.0169,0.017,0.0143,0.0091,0.001,-0.0051,-0.0074,-0.008,-0.0077,-0.0064,-0.0057,-0.0073,-0.0114,-0.0164,-0.02,-0.022,-0.022,-0.0209,-0.0199,-0.0166,-0.0124,-0.0087,-0.0053,-0.0027,-0.0021,-0.0041,-0.0066,-0.0077,-0.0065,-0.0038,0.0012,0.007,0.0099,0.0098,0.0076,0.0047,0.0009,-0.0034,-0.0063,-0.0059,-0.0011,0.0069,0.0139,0.0182,0.0201,0.0178,0.0127,0.0059,0.0015,0.0006,0.0006,0.001,0.0017,0.0031,0.0064,0.0101,0.013,0.0144,0.0136,0.0111,0.0083,0.006,0.0058,0.0069,0.0086,0.0111,0.0132,0.0148,0.0173,0.0227,0.0317,0.0437,0.0551,0.0621,0.0624,0.0555,0.0423,0.0246,0.0062,-0.009,-0.0181,-0.0213,-0.0195,-0.0143,-0.0085,-0.0045,-0.0031,-0.0039,-0.0055,-0.0066,-0.0077,-0.0087,-0.0087,-0.0067,-0.0043,-0.0042,-0.0059,-0.0072,-0.01,-0.0138,-0.017,-0.0179,-0.0141,-0.0073,-0.0024,-0.0011,-0.0024,-0.0061,-0.0122,-0.0187,-0.0207,-0.0158,-0.007,0.0019,0.0063,0.0046,-0.0005,-0.008,-0.0155,-0.02,-0.0208,-0.0181,-0.0138,-0.0095,-0.0059,-0.0041,-0.0038,-0.0044,-0.0059,-0.0087,-0.012,-0.0144,-0.0147,-0.0134,-0.0081,-0.0109,-0.0103,-0.0096,-0.0091,-0.0086,-0.0076,-0.0062,-0.0047,-0.0042,-0.0053,-0.0077,-0.0096,-0.0118,-0.0122,-0.0114,-0.0097,-0.0078,-0.007,-0.0075,-0.0092,-0.0108,-0.0118,-0.0113,-0.0097,-0.0071,-0.0049,-0.0039,-0.0046,-0.0064,-0.0082,-0.0091,-0.0087,-0.0067,-0.0042,-0.0025,-0.0028,-0.0054,-0.0085,-0.0113,-0.0129,-0.0132,-0.0125,-0.0122,-0.0126,-0.0136,-0.0145,-0.014,-0.012,-0.0097,-0.0084,-0.0087,-0.0101,-0.0123,-0.014,-0.0142,-0.0133,-0.0117,-0.0107,-0.0103,-0.0095,-0.0076,-0.0041,-0.0001,0.0037,0.0064,0.0083,0.0079,0.0059,0.0038,0,-0.0008
VIRGINIA,-0.0316,-0.0339,-0.0309,-0.0243,-0.0186,-0.0166,-0.0196,-0.0232,-0.0242,-0.0175,0.0025,0.0278,0.0487,0.0603,0.061,0.0558,0.0524,0.054,0.0582,0.0614,0.0602,0.052,0.0388,0.0254,0.014,0.0057,0.0018,-0.0002,-0.0032,-0.0071,-0.0084,-0.0064,-0.0016,0.0037,0.0064,0.0044,0.0012,-0.0007,-0.0024,-0.0026,-0.001,-0.001,-0.0051,-0.0104,-0.0146,-0.0143,-0.01,-0.0047,-0.0008,0.0001,-0.0002,-0.0032,-0.0084,-0.013,-0.0146,-0.0138,-0.0113,-0.007,-0.0026,0.0025,0.0046,0.0029,-0.0026,-0.0071,-0.0086,-0.0076,-0.0045,-0.0042,-0.0082,-0.0164,-0.0251,-0.0314,-0.033,-0.0275,-0.0151,-0.0009,0.0082,0.0114,0.0085,0.0035,-0.0019,-0.0098,-0.017,-0.0215,-0.0209,-0.0161,-0.0099,-0.0031,0.0057,0.0142,0.0217,0.028,0.0285,0.025,0.0177,0.0099,0.0068,0.009,0.0168,0.0265,0.0332,0.0353,0.0331,0.0318,0.038,0.0512,0.0652,0.0744,0.0754,0.0682,0.0537,0.0366,0.0223,0.013,0.0095,0.0103,0.0129,0.016,0.018,0.0167,0.0108,0.0024,-0.0054,-0.0114,-0.0156,-0.0154,-0.0108,-0.0056,-0.0029,-0.0048,-0.0095,-0.014,-0.0155,-0.0136,-0.0093,-0.002,0.0063,0.0101,0.0084,0.0033,-0.0035,-0.0097,-0.0147,-0.0176,-0.0173,-0.013,-0.006,-0.0014,-0.0006,-0.0033,-0.0086,-0.0125,-0.0124,-0.0103,-0.0066,-0.0031,-0.0007,-0.0004,-0.0026,-0.0054,-0.0057,-0.003,-0.0007,-0.0028,-0.0077,-0.0097,-0.0096,-0.0089,-0.0094,-0.0085,-0.0062,-0.0032,-0.0039,-0.0072,-0.0098,-0.0111,-0.012,-0.0139,-0.0153,-0.0136,-0.0118,-0.0082,-0.0104,-0.016,-0.0215,-0.0253,-0.0258,-0.0228,-0.0185,-0.0135,-0.0081,-0.0056,-0.0057,-0.0049,-0.0027,0.0018,0.0069,0.0099,0.0091,0.0064,0.0031,-0.0023,-0.0088,-0.0134,-0.0154,-0.0166,-0.0161,-0.0151,-0.0153,-0.0149,-0.0133,-0.0135,-0.0157,-0.0186,-0.0207,-0.023,-0.0229,-0.0204,-0.0181,-0.0167,-0.0148,-0.0145,-0.0157,-0.0123,-0.0054,0.0019,0.0062,0.0065,0.0026,-0.0043,-0.0102,-0.015,-0.0173,-0.016,-0.0138,-0.0127,-0.011,-0.0073,-0.0003,0.0019
WASHINGTON,0.0046,0.006,0.0088,0.0114,0.0119,0.0122,0.012,0.0099,0.0067,0.0052,0.0082,0.0141,0.0201,0.0232,0.0221,0.0189,0.0163,0.0155,0.0184,0.0256,0.0322,0.0339,0.0319,0.0271,0.0198,0.0117,0.0043,-0.0018,-0.006,-0.0084,-0.0085,-0.0069,-0.0034,0.001,0.0037,0.0046,0.0057,0.0066,0.0066,0.0062,0.0048,0.0016,-0.0036,-0.0088,-0.0132,-0.0157,-0.0169,-0.0177,-0.0189,-0.0202,-0.0208,-0.0215,-0.0212,-0.0197,-0.017,-0.0142,-0.0115,-0.0092,-0.0081,-0.0068,-0.0066,-0.0077,-0.0093,-0.0097,-0.0082,-0.005,-0.0016,-0.002,-0.0062,-0.0132,-0.0202,-0.0245,-0.0233,-0.0163,-0.0055,0.0051,0.0099,0.0093,0.0051,0.0007,-0.0036,-0.0089,-0.0136,-0.0174,-0.02,-0.0195,-0.0163,-0.0103,-0.0018,0.0057,0.0103,0.0111,0.0075,0.0023,-0.0036,-0.0069,-0.0042,0.0033,0.0142,0.024,0.03,0.0318,0.0302,0.0291,0.0329,0.0421,0.0531,0.06,0.0599,0.0525,0.0393,0.066,0.0505,0.0397,0.0346,0.0341,0.0355,0.0039,0.0053,0.0048,0.0018,-0.0033,-0.0086,-0.0124,-0.0143,-0.0122,-0.0075,-0.0034,-0.0005,-0.0004,-0.0029,-0.0062,-0.0082,-0.0079,-0.0065,-0.0049,-0.0031,-0.003,-0.0049,-0.0077,-0.0113,-0.0138,-0.0148,-0.0148,-0.014,-0.0118,-0.008,-0.0053,-0.0057,-0.0094,-0.0154,-0.0202,-0.0219,-0.0218,-0.0193,-0.0156,-0.0008,-0.0099,-0.01,-0.0108,-0.0102,-0.0081,-0.0062,-0.008,-0.0122,-0.014,-0.0145,-0.0145,-0.0145,-0.0154,-0.0144,-0.0123,-0.0107,-0.009,-0.0068,-0.0045,-0.0038,-0.0064,-0.0104,-0.0118,-0.0134,-0.0068,-0.0048,-0.0045,-0.0047,-0.0051,-0.0042,-0.0026,-0.002,-0.0017,-0.0012,-0.0022,-0.0044,-0.0061,-0.0076,-0.008,-0.0077,-0.0082,-0.0098,-0.0114,-0.0121,-0.0131,-0.015,-0.0159,-0.0146,-0.0124,-0.0089,-0.0049,-0.0027,-0.0021,-0.0025,-0.0037,-0.0047,-0.0054,-0.0053,-0.0055,-0.0057,-0.0054,-0.0062,-0.0078,-0.0083,-0.0069,-0.0045,-0.0005,0.0038,0.0074,0.0089,0.0074,0.0033,-0.0023,-0.0065,-0.0096,-0.012,-0.0136,-0.0171,-0.0198,-0.0196,-0.0151,-0.0025,0.0021
WEST VIRGINIA,-0.0338,-0.029,-0.0205,-0.0115,-0.0044,0.0002,0.0031,0.0046,0.0029,-0.0017,-0.0054,-0.0101,-0.0158,-0.0202,-0.0216,-0.0198,-0.0158,-0.0107,-0.0063,0.0005,0.0105,0.0208,0.0288,0.0338,0.0355,0.0332,0.0267,0.0173,0.0077,0.0004,-0.0027,-0.0027,-0.0003,0.0039,0.0073,0.0081,0.0073,0.0064,0.0058,0.0049,0.0024,-0.0025,-0.0096,-0.0163,-0.0206,-0.0211,-0.0175,-0.0122,-0.0074,-0.0057,-0.007,-0.0109,-0.0154,-0.0183,-0.0175,-0.0131,-0.0067,0.0009,0.0066,0.0075,0.0031,-0.0032,-0.0083,-0.0088,-0.0046,0.0015,0.0067,0.0064,0.0001,-0.0115,-0.0233,-0.0275,-0.0225,-0.0104,0.0058,0.0208,0.0281,0.0271,0.0184,0.0046,-0.0095,-0.0211,-0.0281,-0.0303,-0.0282,-0.0227,-0.0157,-0.0082,0.0002,0.0073,0.0136,0.0184,0.0159,0.0073,-0.0037,-0.0144,-0.0204,-0.023,-0.0245,-0.0243,-0.0216,-0.0161,-0.0086,0.0048,0.0273,0.0526,0.0754,0.0914,0.098,0.0956,0.0847,0.0665,0.0458,0.0267,0.0116,0.0022,0.0005,0.0058,0.0116,0.0134,0.0101,0.0031,-0.0032,-0.0061,-0.0057,-0.0014,0.0059,0.0124,0.0137,0.0095,0.0025,-0.0056,-0.0133,-0.019,-0.0221,-0.0205,-0.0142,-0.0072,-0.0027,-0.0024,-0.0063,-0.0127,-0.0191,-0.0215,-0.0179,-0.0089,0.0024,0.0106,0.0138,0.0122,0.0072,0.002,-0.0021,-0.0063,-0.0103,-0.0156,-0.0206,-0.0241,-0.0245,-0.022,-0.0163,-0.0084,-0.0014,0.0024,0.005,0.0081,0.0095,0.0087,0.0045,-0.0021,-0.0068,-0.0093,-0.0104,-0.0097,-0.007,-0.004,-0.0028,-0.0021,0.0012,0.0073,0.0132,0.0192,0.0197,0.015,0.0057,-0.006,-0.0166,-0.0227,-0.0218,-0.0159,-0.0086,-0.0023,0.001,-0.0004,-0.0055,-0.0104,-0.0122,-0.0117,-0.0112,-0.0118,-0.0154,-0.0214,-0.0273,-0.032,-0.0334,-0.0294,-0.0191,-0.0071,0.0018,0.0079,0.0123,0.013,0.0108,0.0083,0.0066,0.0058,0.0053,0.0034,-0.0009,-0.0063,-0.0099,-0.0129,-0.0154,-0.0146,-0.0106,-0.0073,-0.0073,-0.0093,-0.0112,-0.012,-0.0105,-0.0073,-0.0025,0.0045,0.0136,0.0185,0.0182,0.0141,0.0026,-0.0014
WISCONSIN,0.0056,0.0109,0.0199,0.0287,0.0308,0.0254,0.0164,0.0071,0.0005,-0.0005,0.0071,0.0194,0.0301,0.035,0.0328,0.0256,0.0181,0.0145,0.0156,0.0216,0.0297,0.0349,0.0357,0.0311,0.0221,0.0113,0.0021,-0.0044,-0.0081,-0.0095,-0.0078,-0.0029,0.0038,0.0102,0.0144,0.016,0.0161,0.0143,0.0112,0.0083,0.0058,0.0023,-0.003,-0.0094,-0.0161,-0.0196,-0.0197,-0.0172,-0.0136,-0.011,-0.0096,-0.0103,-0.0112,-0.011,-0.0106,-0.0101,-0.0088,-0.0076,-0.0083,-0.0083,-0.0083,-0.0069,-0.0057,-0.0041,-0.0022,0.0011,0.007,0.0104,0.0085,0.0042,-0.0004,-0.0049,-0.0082,-0.0085,-0.0054,0.0004,0.0048,0.0066,0.0057,0.0053,0.0066,0.0047,0.0022,0.0008,0.0003,0.001,0.0018,0.0031,0.006,0.0083,0.0085,0.0057,-0.001,-0.0107,-0.0226,-0.0333,-0.0366,-0.0317,-0.0176,0.0007,0.017,0.0295,0.0374,0.0428,0.0505,0.0621,0.0742,0.0811,0.0808,0.0732,0.0596,0.0431,0.0279,0.0154,0.0074,0.0048,0.0058,0.0085,0.01,0.0089,0.0035,-0.0047,-0.0129,-0.0189,-0.0215,-0.0192,-0.0132,-0.008,-0.0054,-0.0063,-0.0095,-0.0119,-0.0121,-0.0095,-0.0064,-0.0031,-0.0005,-0.0008,-0.0044,-0.0096,-0.0147,-0.0177,-0.0186,-0.0176,-0.0144,-0.0085,-0.0008,0.0045,0.0045,0,-0.0066,-0.0111,-0.0112,-0.0088,-0.0029,0.0032,0.0103,0.0034,-0.0023,-0.0084,-0.0116,-0.0113,-0.0087,-0.0086,-0.0122,-0.0152,-0.0185,-0.022,-0.0205,-0.0254,-0.0245,-0.0222,-0.0211,-0.0214,-0.022,-0.0209,-0.0182,-0.017,-0.0166,-0.014,-0.0107,-0.0081,-0.0088,-0.0121,-0.0159,-0.0179,-0.0163,-0.0123,-0.0092,-0.0067,-0.0045,-0.0051,-0.0084,-0.0112,-0.0132,-0.0129,-0.0109,-0.0095,-0.0098,-0.01,-0.0087,-0.0096,-0.0153,-0.0227,-0.0286,-0.0325,-0.0309,-0.0239,-0.0155,-0.0073,-0.002,-0.0041,-0.0124,-0.0204,-0.0226,-0.0195,-0.0105,0.0011,0.0086,0.0088,0.0051,-0.0013,-0.008,-0.0087,-0.0045,0.0016,0.0081,0.0139,0.0169,0.0173,0.0179,0.0179,0.0161,0.013,0.0109,0.0077,0.0051,0.004,0.0003,-0.0004
WYOMING,-0.0302,-0.028,-0.0214,-0.011,-0.0013,0.0064,0.0105,0.009,0.0034,-0.0036,-0.0087,-0.0114,-0.0107,-0.0063,-0.0008,0.004,0.0071,0.0065,0.0028,-0.0009,-0.0041,-0.005,-0.0011,0.0065,0.0135,0.0166,0.014,0.0073,-0.0012,-0.007,-0.007,-0.0008,0.0104,0.0209,0.0262,0.0253,0.0197,0.0105,0.0007,-0.0077,-0.0143,-0.018,-0.0182,-0.0149,-0.0099,-0.0047,-0.0026,-0.0047,-0.0092,-0.0143,-0.0182,-0.0178,-0.012,-0.0039,0.002,0.0039,0.0008,-0.0063,-0.014,-0.0185,-0.0178,-0.0121,-0.0034,0.0042,0.0089,0.0097,0.0086,0.0049,-0.0014,-0.0083,-0.016,-0.0237,-0.0296,-0.0312,-0.0269,-0.0169,-0.0044,0.0067,0.0127,0.0103,0.0015,-0.0126,-0.0276,-0.0383,-0.0404,-0.0307,-0.0133,0.0051,0.0179,0.0227,0.0163,0.0045,-0.0054,-0.01,-0.0103,-0.0097,-0.0091,-0.0079,-0.0042,0.0025,0.0105,0.0193,0.0272,0.0333,0.037,0.0449,0.0655,0.0924,0.1119,0.1164,0.1056,0.0837,0.0573,0.0317,0.0138,0.0067,0.0083,0.0138,0.0152,0.0102,0.0011,-0.0116,-0.0234,-0.0303,-0.0319,-0.0273,-0.0195,-0.0118,-0.0036,0.0023,0.0049,0.0032,-0.0025,-0.0096,-0.0163,-0.0202,-0.0189,-0.0137,-0.0067,-0.0002,0.0021,0.0002,-0.0048,-0.0113,-0.0162,-0.0169,-0.0129,-0.006,0.0007,0.0048,0.0047,0.0013,-0.0035,-0.0091,-0.0128,-0.0143,-0.0158,-0.0175,-0.019,-0.0191,-0.0164,-0.0123,-0.0072,-0.0033,-0.0023,-0.0042,-0.0094,-0.0164,-0.0198,-0.0204,-0.0185,-0.0132,-0.0076,-0.001,0.0031,0.0003,-0.0067,-0.014,-0.017,-0.0138,-0.0013,0.0112,0.0223,0.0268,0.0243,0.0162,0.0064,0.003,0.0073,0.0176,0.0316,0.045,0.0513,0.0483,0.0368,0.0195,0.0006,-0.0174,-0.0282,-0.0306,-0.0283,-0.0238,-0.023,-0.0281,-0.0354,-0.0403,-0.0399,-0.0323,-0.0189,-0.0035,0.0051,0.005,0.0024,-0.002,-0.0059,-0.0081,-0.0088,-0.0077,-0.0054,-0.0027,0,0.0012,0.0007,-0.0027,-0.0107,-0.0196,-0.0257,-0.0281,-0.0262,-0.018,-0.0043,0.0092,0.018,0.0209,0.0178,0.0105,0.0021,-0.0036,-0.0049,-0.0021
UNITED STATES,-0.0101,-0.0074,-0.0033,0.0013,0.0032,0.0031,0.001,-0.0014,-0.003,-0.0028,0.002,0.0092,0.0154,0.0191,0.0195,0.0185,0.0194,0.023,0.0289,0.0357,0.0397,0.0474,0.0333,0.0258,0.0176,0.0142,0.0039,-0.0002,-0.0032,-0.0057,-0.0059,-0.0038,0.0005,0.0052,0.008,0.0082,0.008,0.0084,0.0082,0.008,0.0074,0.0051,-0.0004,-0.0072,-0.0136,-0.0164,-0.0149,-0.0114,-0.0081,-0.0059,-0.0047,-0.0054,-0.0074,-0.0088,-0.0085,-0.0074,-0.0058,-0.0041,-0.0037,-0.0033,-0.0044,-0.0068,-0.0103,-0.0128,-0.0134,-0.0109,-0.0054,-0.0011,0.0209,-0.0058,-0.0097,-0.0286,-0.0203,-0.0142,-0.0089,-0.0017,0.0017,0.001,-0.0029,-0.006,-0.0068,-0.0082,-0.0088,-0.0085,-0.0064,-0.0029,-0.0003,0.0025,0.0068,0.0104,0.0131,0.0151,0.0139,0.0116,0.0075,0.0039,0.0047,0.009,0.0172,0.0282,0.0343,0.0374,0.037,0.0358,0.0396,0.0457,0.0593,0.0598,0.0593,0.0532,0.0431,0.032,0.0302,0.0187,0.0109,0.0084,0.0074,0.0064,0.0069,0.0067,0.0039,-0.0003,-0.0054,-0.0094,-0.0118,-0.0114,-0.0072,-0.0025,0.0002,-0.0006,-0.0042,-0.0083,-0.0105,-0.01,-0.008,-0.0044,-0.0002,0.0012,-0.001,-0.0052,-0.0102,-0.0142,-0.0166,-0.0169,-0.0151,-0.0111,-0.0056,-0.0021,-0.002,-0.0047,-0.0088,-0.0109,-0.0095,-0.007,-0.0046,-0.0035,-0.0034,-0.0054,-0.0086,-0.0111,-0.011,-0.0091,-0.0076,-0.0102,-0.0152,-0.0172,-0.0172,-0.0166,-0.017,-0.0177,-0.0167,-0.0149,-0.0148,-0.0152,-0.0149,-0.0135,-0.013,-0.0152,-0.0177,-0.0166,-0.0134,-0.0087,-0.0074,-0.0092,-0.0121,-0.0147,-0.0154,-0.0139,-0.0122,-0.0097,-0.0062,-0.0045,-0.0047,-0.0047,-0.0047,-0.0033,-0.0009,0.0001,-0.0009,-0.002,-0.0022,-0.0044,-0.0095,-0.0142,-0.0166,-0.0181,-0.0169,-0.014,-0.0119,-0.0093,-0.0067,-0.0068,-0.0087,-0.0103,-0.011,-0.0111,-0.0101,-0.0079,-0.0075,-0.0093,-0.0106,-0.0121,-0.0131,-0.0098,-0.0042,0.0012,0.0042,0.0039,0.0003,-0.0052,-0.0088,-0.011,-0.0113,-0.0091,-0.0069,-0.0063,-0.0055,-0.0037,-0.0004,0.001
